"InventoryMovementID","ProductID","MovementDate","MovementType","Quantity","PurchaseDetailID","SaleDetailID","Notes"
1,8,1/5/2026 0:00:00,"Purchase Receipt",5,1,,
2,9,1/5/2026 0:00:00,"Purchase Receipt",5,2,,
3,10,1/5/2026 0:00:00,"Purchase Receipt",5,3,,
4,1,1/7/2026 0:00:00,"Purchase Receipt",5,4,,
5,2,1/7/2026 0:00:00,"Purchase Receipt",5,5,,
6,3,1/7/2026 0:00:00,"Purchase Receipt",5,6,,
7,9,1/9/2026 0:00:00,"Purchase Receipt",5,7,,
8,10,1/9/2026 0:00:00,"Purchase Receipt",4,8,,
9,11,1/9/2026 0:00:00,"Purchase Receipt",5,9,,
10,5,1/10/2026 0:00:00,"Purchase Receipt",5,10,,
11,6,1/10/2026 0:00:00,"Purchase Receipt",5,11,,
12,7,1/10/2026 0:00:00,"Purchase Receipt",5,12,,
13,15,1/12/2026 0:00:00,"Purchase Receipt",5,13,,
14,1,1/12/2026 0:00:00,"Purchase Receipt",4,14,,
15,2,1/12/2026 0:00:00,"Purchase Receipt",5,15,,
16,14,1/14/2026 0:00:00,"Purchase Receipt",5,16,,
17,15,1/14/2026 0:00:00,"Purchase Receipt",5,17,,
18,2,1/14/2026 0:00:00,"Purchase Receipt",2,18,,
19,15,1/16/2026 0:00:00,"Purchase Receipt",5,19,,
20,3,1/16/2026 0:00:00,"Purchase Receipt",3,20,,
21,4,1/16/2026 0:00:00,"Purchase Receipt",5,21,,
22,6,1/18/2026 0:00:00,"Purchase Receipt",5,22,,
23,7,1/18/2026 0:00:00,"Purchase Receipt",1,23,,
24,11,1/18/2026 0:00:00,"Purchase Receipt",5,24,,
25,4,1/20/2026 0:00:00,"Purchase Receipt",5,25,,
26,5,1/20/2026 0:00:00,"Purchase Receipt",2,26,,
27,11,1/20/2026 0:00:00,"Purchase Receipt",5,27,,
28,14,1/21/2026 0:00:00,"Purchase Receipt",5,28,,
29,15,1/21/2026 0:00:00,"Purchase Receipt",5,29,,
30,4,1/21/2026 0:00:00,"Purchase Receipt",1,30,,
31,13,1/23/2026 0:00:00,"Purchase Receipt",5,31,,
32,14,1/23/2026 0:00:00,"Purchase Receipt",3,32,,
33,15,1/23/2026 0:00:00,"Purchase Receipt",5,33,,
34,11,1/25/2026 0:00:00,"Purchase Receipt",5,34,,
35,12,1/25/2026 0:00:00,"Purchase Receipt",5,35,,
36,13,1/25/2026 0:00:00,"Purchase Receipt",5,36,,
37,12,1/27/2026 0:00:00,"Purchase Receipt",5,37,,
38,13,1/27/2026 0:00:00,"Purchase Receipt",5,38,,
39,11,1/27/2026 0:00:00,"Purchase Receipt",5,39,,
40,13,1/29/2026 0:00:00,"Purchase Receipt",5,40,,
41,11,1/29/2026 0:00:00,"Purchase Receipt",4,41,,
42,12,1/29/2026 0:00:00,"Purchase Receipt",5,42,,
43,13,1/31/2026 0:00:00,"Purchase Receipt",5,43,,
44,12,1/31/2026 0:00:00,"Purchase Receipt",1,44,,
45,13,2/1/2026 0:00:00,"Purchase Receipt",2,45,,
46,25,2/3/2026 0:00:00,"Purchase Receipt",5,46,,
47,16,2/3/2026 0:00:00,"Purchase Receipt",5,47,,
48,17,2/3/2026 0:00:00,"Purchase Receipt",5,48,,
49,22,2/5/2026 0:00:00,"Purchase Receipt",5,49,,
50,23,2/5/2026 0:00:00,"Purchase Receipt",5,50,,
51,24,2/5/2026 0:00:00,"Purchase Receipt",5,51,,
52,19,2/7/2026 0:00:00,"Purchase Receipt",5,52,,
53,20,2/7/2026 0:00:00,"Purchase Receipt",5,53,,
54,21,2/7/2026 0:00:00,"Purchase Receipt",5,54,,
55,16,2/9/2026 0:00:00,"Purchase Receipt",5,55,,
56,17,2/9/2026 0:00:00,"Purchase Receipt",5,56,,
57,18,2/9/2026 0:00:00,"Purchase Receipt",4,57,,
58,23,2/11/2026 0:00:00,"Purchase Receipt",4,58,,
59,24,2/11/2026 0:00:00,"Purchase Receipt",4,59,,
60,25,2/11/2026 0:00:00,"Purchase Receipt",4,60,,
61,20,2/12/2026 0:00:00,"Purchase Receipt",4,61,,
62,21,2/12/2026 0:00:00,"Purchase Receipt",4,62,,
63,22,2/12/2026 0:00:00,"Purchase Receipt",4,63,,
64,17,2/14/2026 0:00:00,"Purchase Receipt",2,64,,
65,18,2/14/2026 0:00:00,"Purchase Receipt",4,65,,
66,19,2/14/2026 0:00:00,"Purchase Receipt",4,66,,
67,23,2/16/2026 0:00:00,"Purchase Receipt",4,67,,
68,24,2/16/2026 0:00:00,"Purchase Receipt",4,68,,
69,25,2/16/2026 0:00:00,"Purchase Receipt",4,69,,
70,25,2/18/2026 0:00:00,"Purchase Receipt",4,70,,
71,16,2/18/2026 0:00:00,"Purchase Receipt",4,71,,
72,18,2/18/2026 0:00:00,"Purchase Receipt",1,72,,
73,16,2/20/2026 0:00:00,"Purchase Receipt",2,73,,
74,19,2/20/2026 0:00:00,"Purchase Receipt",4,74,,
75,20,2/20/2026 0:00:00,"Purchase Receipt",2,75,,
76,25,2/22/2026 0:00:00,"Purchase Receipt",4,76,,
77,19,2/22/2026 0:00:00,"Purchase Receipt",4,77,,
78,21,2/22/2026 0:00:00,"Purchase Receipt",4,78,,
79,21,2/23/2026 0:00:00,"Purchase Receipt",2,79,,
80,22,2/23/2026 0:00:00,"Purchase Receipt",4,80,,
81,24,2/23/2026 0:00:00,"Purchase Receipt",4,81,,
82,25,2/25/2026 0:00:00,"Purchase Receipt",4,82,,
83,19,2/25/2026 0:00:00,"Purchase Receipt",4,83,,
84,22,2/25/2026 0:00:00,"Purchase Receipt",4,84,,
85,22,2/27/2026 0:00:00,"Purchase Receipt",4,85,,
86,24,2/27/2026 0:00:00,"Purchase Receipt",3,86,,
87,25,2/27/2026 0:00:00,"Purchase Receipt",2,87,,
88,22,3/1/2026 0:00:00,"Purchase Receipt",1,88,,
89,30,3/3/2026 0:00:00,"Purchase Receipt",4,89,,
90,31,3/3/2026 0:00:00,"Purchase Receipt",4,90,,
91,32,3/3/2026 0:00:00,"Purchase Receipt",4,91,,
92,26,3/5/2026 0:00:00,"Purchase Receipt",4,92,,
93,27,3/5/2026 0:00:00,"Purchase Receipt",4,93,,
94,28,3/5/2026 0:00:00,"Purchase Receipt",4,94,,
95,33,3/6/2026 0:00:00,"Purchase Receipt",4,95,,
96,34,3/6/2026 0:00:00,"Purchase Receipt",4,96,,
97,35,3/6/2026 0:00:00,"Purchase Receipt",4,97,,
98,29,3/8/2026 0:00:00,"Purchase Receipt",4,98,,
99,30,3/8/2026 0:00:00,"Purchase Receipt",4,99,,
100,31,3/8/2026 0:00:00,"Purchase Receipt",4,100,,
101,36,3/10/2026 0:00:00,"Purchase Receipt",4,101,,
102,26,3/10/2026 0:00:00,"Purchase Receipt",4,102,,
103,27,3/10/2026 0:00:00,"Purchase Receipt",4,103,,
104,32,3/12/2026 0:00:00,"Purchase Receipt",4,104,,
105,33,3/12/2026 0:00:00,"Purchase Receipt",4,105,,
106,34,3/12/2026 0:00:00,"Purchase Receipt",4,106,,
107,28,3/14/2026 0:00:00,"Purchase Receipt",4,107,,
108,29,3/14/2026 0:00:00,"Purchase Receipt",4,108,,
109,30,3/14/2026 0:00:00,"Purchase Receipt",4,109,,
110,35,3/16/2026 0:00:00,"Purchase Receipt",4,110,,
111,36,3/16/2026 0:00:00,"Purchase Receipt",4,111,,
112,26,3/16/2026 0:00:00,"Purchase Receipt",1,112,,
113,27,3/17/2026 0:00:00,"Purchase Receipt",4,113,,
114,28,3/17/2026 0:00:00,"Purchase Receipt",3,114,,
115,29,3/17/2026 0:00:00,"Purchase Receipt",4,115,,
116,36,3/19/2026 0:00:00,"Purchase Receipt",4,116,,
117,27,3/19/2026 0:00:00,"Purchase Receipt",4,117,,
118,29,3/19/2026 0:00:00,"Purchase Receipt",3,118,,
119,34,3/21/2026 0:00:00,"Purchase Receipt",1,119,,
120,35,3/21/2026 0:00:00,"Purchase Receipt",3,120,,
121,36,3/21/2026 0:00:00,"Purchase Receipt",3,121,,
122,33,3/23/2026 0:00:00,"Purchase Receipt",3,122,,
123,35,3/23/2026 0:00:00,"Purchase Receipt",3,123,,
124,36,3/23/2026 0:00:00,"Purchase Receipt",3,124,,
125,32,3/25/2026 0:00:00,"Purchase Receipt",3,125,,
126,33,3/25/2026 0:00:00,"Purchase Receipt",3,126,,
127,35,3/25/2026 0:00:00,"Purchase Receipt",3,127,,
128,31,3/26/2026 0:00:00,"Purchase Receipt",2,128,,
129,32,3/26/2026 0:00:00,"Purchase Receipt",3,129,,
130,33,3/26/2026 0:00:00,"Purchase Receipt",3,130,,
131,27,3/28/2026 0:00:00,"Purchase Receipt",3,131,,
132,29,3/28/2026 0:00:00,"Purchase Receipt",3,132,,
133,30,3/28/2026 0:00:00,"Purchase Receipt",3,133,,
134,27,3/30/2026 0:00:00,"Purchase Receipt",3,134,,
135,29,3/30/2026 0:00:00,"Purchase Receipt",3,135,,
136,30,3/30/2026 0:00:00,"Purchase Receipt",3,136,,
137,27,4/1/2026 0:00:00,"Purchase Receipt",3,137,,
138,29,4/1/2026 0:00:00,"Purchase Receipt",2,138,,
139,32,4/1/2026 0:00:00,"Purchase Receipt",2,139,,
140,36,4/3/2026 0:00:00,"Purchase Receipt",3,140,,
141,27,4/3/2026 0:00:00,"Purchase Receipt",3,141,,
142,33,4/3/2026 0:00:00,"Purchase Receipt",3,142,,
143,35,4/5/2026 0:00:00,"Purchase Receipt",3,143,,
144,36,4/5/2026 0:00:00,"Purchase Receipt",3,144,,
145,27,4/5/2026 0:00:00,"Purchase Receipt",1,145,,
146,33,4/6/2026 0:00:00,"Purchase Receipt",3,146,,
147,35,4/6/2026 0:00:00,"Purchase Receipt",3,147,,
148,36,4/6/2026 0:00:00,"Purchase Receipt",3,148,,
149,35,4/8/2026 0:00:00,"Purchase Receipt",2,149,,
150,36,4/8/2026 0:00:00,"Purchase Receipt",3,150,,
151,36,4/10/2026 0:00:00,"Purchase Receipt",2,151,,
152,38,4/12/2026 0:00:00,"Purchase Receipt",3,152,,
153,39,4/12/2026 0:00:00,"Purchase Receipt",3,153,,
154,40,4/12/2026 0:00:00,"Purchase Receipt",3,154,,
155,45,4/14/2026 0:00:00,"Purchase Receipt",3,155,,
156,46,4/14/2026 0:00:00,"Purchase Receipt",3,156,,
157,47,4/14/2026 0:00:00,"Purchase Receipt",3,157,,
158,39,4/16/2026 0:00:00,"Purchase Receipt",3,158,,
159,40,4/16/2026 0:00:00,"Purchase Receipt",3,159,,
160,41,4/16/2026 0:00:00,"Purchase Receipt",3,160,,
161,46,4/17/2026 0:00:00,"Purchase Receipt",3,161,,
162,47,4/17/2026 0:00:00,"Purchase Receipt",3,162,,
163,48,4/17/2026 0:00:00,"Purchase Receipt",3,163,,
164,40,4/19/2026 0:00:00,"Purchase Receipt",3,164,,
165,41,4/19/2026 0:00:00,"Purchase Receipt",3,165,,
166,42,4/19/2026 0:00:00,"Purchase Receipt",3,166,,
167,47,4/21/2026 0:00:00,"Purchase Receipt",3,167,,
168,48,4/21/2026 0:00:00,"Purchase Receipt",3,168,,
169,49,4/21/2026 0:00:00,"Purchase Receipt",3,169,,
170,41,4/23/2026 0:00:00,"Purchase Receipt",3,170,,
171,42,4/23/2026 0:00:00,"Purchase Receipt",3,171,,
172,43,4/23/2026 0:00:00,"Purchase Receipt",3,172,,
173,48,4/25/2026 0:00:00,"Purchase Receipt",3,173,,
174,49,4/25/2026 0:00:00,"Purchase Receipt",3,174,,
175,37,4/25/2026 0:00:00,"Purchase Receipt",3,175,,
176,42,4/27/2026 0:00:00,"Purchase Receipt",3,176,,
177,43,4/27/2026 0:00:00,"Purchase Receipt",3,177,,
178,44,4/27/2026 0:00:00,"Purchase Receipt",3,178,,
179,49,4/28/2026 0:00:00,"Purchase Receipt",3,179,,
180,37,4/28/2026 0:00:00,"Purchase Receipt",3,180,,
181,38,4/28/2026 0:00:00,"Purchase Receipt",3,181,,
182,43,4/30/2026 0:00:00,"Purchase Receipt",3,182,,
183,44,4/30/2026 0:00:00,"Purchase Receipt",3,183,,
184,45,4/30/2026 0:00:00,"Purchase Receipt",2,184,,
185,37,5/2/2026 0:00:00,"Purchase Receipt",2,185,,
186,38,5/2/2026 0:00:00,"Purchase Receipt",2,186,,
187,39,5/2/2026 0:00:00,"Purchase Receipt",2,187,,
188,44,5/4/2026 0:00:00,"Purchase Receipt",2,188,,
189,45,5/4/2026 0:00:00,"Purchase Receipt",2,189,,
190,46,5/4/2026 0:00:00,"Purchase Receipt",2,190,,
191,38,5/6/2026 0:00:00,"Purchase Receipt",2,191,,
192,39,5/6/2026 0:00:00,"Purchase Receipt",2,192,,
193,40,5/6/2026 0:00:00,"Purchase Receipt",2,193,,
194,45,5/8/2026 0:00:00,"Purchase Receipt",2,194,,
195,46,5/8/2026 0:00:00,"Purchase Receipt",2,195,,
196,47,5/8/2026 0:00:00,"Purchase Receipt",2,196,,
197,39,5/9/2026 0:00:00,"Purchase Receipt",2,197,,
198,40,5/9/2026 0:00:00,"Purchase Receipt",2,198,,
199,41,5/9/2026 0:00:00,"Purchase Receipt",2,199,,
200,46,5/11/2026 0:00:00,"Purchase Receipt",2,200,,
201,47,5/11/2026 0:00:00,"Purchase Receipt",2,201,,
202,48,5/11/2026 0:00:00,"Purchase Receipt",2,202,,
203,40,5/13/2026 0:00:00,"Purchase Receipt",2,203,,
204,41,5/13/2026 0:00:00,"Purchase Receipt",2,204,,
205,42,5/13/2026 0:00:00,"Purchase Receipt",2,205,,
206,47,5/15/2026 0:00:00,"Purchase Receipt",2,206,,
207,48,5/15/2026 0:00:00,"Purchase Receipt",2,207,,
208,49,5/15/2026 0:00:00,"Purchase Receipt",2,208,,
209,41,5/17/2026 0:00:00,"Purchase Receipt",2,209,,
210,42,5/17/2026 0:00:00,"Purchase Receipt",2,210,,
211,43,5/17/2026 0:00:00,"Purchase Receipt",2,211,,
212,48,5/19/2026 0:00:00,"Purchase Receipt",2,212,,
213,49,5/19/2026 0:00:00,"Purchase Receipt",1,213,,
214,37,5/19/2026 0:00:00,"Purchase Receipt",2,214,,
215,46,5/20/2026 0:00:00,"Purchase Receipt",2,215,,
216,47,5/20/2026 0:00:00,"Purchase Receipt",2,216,,
217,48,5/20/2026 0:00:00,"Purchase Receipt",1,217,,
218,41,5/22/2026 0:00:00,"Purchase Receipt",2,218,,
219,42,5/22/2026 0:00:00,"Purchase Receipt",2,219,,
220,43,5/22/2026 0:00:00,"Purchase Receipt",2,220,,
221,37,5/24/2026 0:00:00,"Purchase Receipt",2,221,,
222,38,5/24/2026 0:00:00,"Purchase Receipt",2,222,,
223,39,5/24/2026 0:00:00,"Purchase Receipt",1,223,,
224,44,5/26/2026 0:00:00,"Purchase Receipt",2,224,,
225,45,5/26/2026 0:00:00,"Purchase Receipt",2,225,,
226,46,5/26/2026 0:00:00,"Purchase Receipt",2,226,,
227,41,5/28/2026 0:00:00,"Purchase Receipt",2,227,,
228,42,5/28/2026 0:00:00,"Purchase Receipt",2,228,,
229,43,5/28/2026 0:00:00,"Purchase Receipt",2,229,,
230,37,5/30/2026 0:00:00,"Purchase Receipt",2,230,,
231,38,5/30/2026 0:00:00,"Purchase Receipt",2,231,,
232,40,5/30/2026 0:00:00,"Purchase Receipt",2,232,,
233,45,5/31/2026 0:00:00,"Purchase Receipt",2,233,,
234,46,5/31/2026 0:00:00,"Purchase Receipt",2,234,,
235,47,5/31/2026 0:00:00,"Purchase Receipt",2,235,,
236,45,6/2/2026 0:00:00,"Purchase Receipt",2,236,,
237,47,6/2/2026 0:00:00,"Purchase Receipt",2,237,,
238,37,6/2/2026 0:00:00,"Purchase Receipt",2,238,,
239,43,6/4/2026 0:00:00,"Purchase Receipt",2,239,,
240,44,6/4/2026 0:00:00,"Purchase Receipt",2,240,,
241,45,6/4/2026 0:00:00,"Purchase Receipt",2,241,,
242,41,6/6/2026 0:00:00,"Purchase Receipt",2,242,,
243,42,6/6/2026 0:00:00,"Purchase Receipt",2,243,,
244,43,6/6/2026 0:00:00,"Purchase Receipt",2,244,,
245,38,6/8/2026 0:00:00,"Purchase Receipt",2,245,,
246,40,6/8/2026 0:00:00,"Purchase Receipt",2,246,,
247,41,6/8/2026 0:00:00,"Purchase Receipt",2,247,,
248,47,6/9/2026 0:00:00,"Purchase Receipt",2,248,,
249,37,6/9/2026 0:00:00,"Purchase Receipt",2,249,,
250,38,6/9/2026 0:00:00,"Purchase Receipt",2,250,,
251,44,6/11/2026 0:00:00,"Purchase Receipt",2,251,,
252,45,6/11/2026 0:00:00,"Purchase Receipt",2,252,,
253,47,6/11/2026 0:00:00,"Purchase Receipt",2,253,,
254,37,6/13/2026 0:00:00,"Purchase Receipt",1,254,,
255,38,6/13/2026 0:00:00,"Purchase Receipt",2,255,,
256,40,6/13/2026 0:00:00,"Purchase Receipt",1,256,,
257,45,6/15/2026 0:00:00,"Purchase Receipt",2,257,,
258,38,6/15/2026 0:00:00,"Purchase Receipt",2,258,,
259,41,6/15/2026 0:00:00,"Purchase Receipt",1,259,,
260,41,6/17/2026 0:00:00,"Purchase Receipt",2,260,,
261,42,6/17/2026 0:00:00,"Purchase Receipt",1,261,,
262,43,6/19/2026 0:00:00,"Purchase Receipt",1,262,,
263,44,6/19/2026 0:00:00,"Purchase Receipt",1,263,,
264,45,6/20/2026 0:00:00,"Purchase Receipt",1,264,,
265,41,6/20/2026 0:00:00,"Purchase Receipt",1,265,,
266,45,6/22/2026 0:00:00,"Purchase Receipt",1,266,,
267,42,6/22/2026 0:00:00,"Purchase Receipt",1,267,,
268,44,6/24/2026 0:00:00,"Purchase Receipt",1,268,,
269,45,6/24/2026 0:00:00,"Purchase Receipt",1,269,,
270,43,6/26/2026 0:00:00,"Purchase Receipt",1,270,,
271,44,6/26/2026 0:00:00,"Purchase Receipt",1,271,,
272,42,6/28/2026 0:00:00,"Purchase Receipt",1,272,,
273,43,6/28/2026 0:00:00,"Purchase Receipt",1,273,,
274,44,6/30/2026 0:00:00,"Purchase Receipt",1,274,,
275,45,6/30/2026 0:00:00,"Purchase Receipt",1,275,,
276,45,7/1/2026 0:00:00,"Purchase Receipt",1,276,,
277,43,7/1/2026 0:00:00,"Purchase Receipt",1,277,,
278,43,7/3/2026 0:00:00,"Purchase Receipt",1,278,,
279,44,7/3/2026 0:00:00,"Purchase Receipt",1,279,,
280,44,7/5/2026 0:00:00,"Purchase Receipt",1,280,,
281,45,7/5/2026 0:00:00,"Purchase Receipt",1,281,,
282,43,7/7/2026 0:00:00,"Purchase Receipt",1,282,,
283,52,7/9/2026 0:00:00,"Purchase Receipt",2,283,,
284,53,7/9/2026 0:00:00,"Purchase Receipt",1,284,,
285,51,7/11/2026 0:00:00,"Purchase Receipt",1,285,,
286,52,7/11/2026 0:00:00,"Purchase Receipt",1,286,,
287,50,7/12/2026 0:00:00,"Purchase Receipt",1,287,,
288,51,7/12/2026 0:00:00,"Purchase Receipt",1,288,,
289,57,7/14/2026 0:00:00,"Purchase Receipt",1,289,,
290,50,7/14/2026 0:00:00,"Purchase Receipt",1,290,,
291,56,7/16/2026 0:00:00,"Purchase Receipt",1,291,,
292,57,7/16/2026 0:00:00,"Purchase Receipt",1,292,,
293,55,7/18/2026 0:00:00,"Purchase Receipt",1,293,,
294,56,7/18/2026 0:00:00,"Purchase Receipt",1,294,,
295,54,7/20/2026 0:00:00,"Purchase Receipt",1,295,,
296,55,7/20/2026 0:00:00,"Purchase Receipt",1,296,,
297,53,7/22/2026 0:00:00,"Purchase Receipt",1,297,,
298,54,7/22/2026 0:00:00,"Purchase Receipt",1,298,,
299,52,7/23/2026 0:00:00,"Purchase Receipt",1,299,,
300,53,7/23/2026 0:00:00,"Purchase Receipt",1,300,,
301,51,7/25/2026 0:00:00,"Purchase Receipt",1,301,,
302,52,7/25/2026 0:00:00,"Purchase Receipt",1,302,,
303,50,7/27/2026 0:00:00,"Purchase Receipt",1,303,,
304,51,7/27/2026 0:00:00,"Purchase Receipt",1,304,,
305,57,7/29/2026 0:00:00,"Purchase Receipt",1,305,,
306,50,7/29/2026 0:00:00,"Purchase Receipt",1,306,,
307,56,7/31/2026 0:00:00,"Purchase Receipt",1,307,,
308,57,7/31/2026 0:00:00,"Purchase Receipt",1,308,,
309,55,8/2/2026 0:00:00,"Purchase Receipt",1,309,,
310,56,8/2/2026 0:00:00,"Purchase Receipt",1,310,,
311,54,8/3/2026 0:00:00,"Purchase Receipt",1,311,,
312,55,8/3/2026 0:00:00,"Purchase Receipt",1,312,,
313,53,8/5/2026 0:00:00,"Purchase Receipt",1,313,,
314,54,8/5/2026 0:00:00,"Purchase Receipt",1,314,,
315,52,8/7/2026 0:00:00,"Purchase Receipt",1,315,,
316,53,8/7/2026 0:00:00,"Purchase Receipt",1,316,,
317,51,8/9/2026 0:00:00,"Purchase Receipt",1,317,,
318,52,8/9/2026 0:00:00,"Purchase Receipt",1,318,,
319,50,8/11/2026 0:00:00,"Purchase Receipt",1,319,,
320,51,8/11/2026 0:00:00,"Purchase Receipt",1,320,,
321,57,8/12/2026 0:00:00,"Purchase Receipt",1,321,,
322,50,8/12/2026 0:00:00,"Purchase Receipt",1,322,,
323,50,8/14/2026 0:00:00,"Purchase Receipt",1,323,,
324,51,8/14/2026 0:00:00,"Purchase Receipt",1,324,,
325,50,8/16/2026 0:00:00,"Purchase Receipt",1,325,,
326,51,8/16/2026 0:00:00,"Purchase Receipt",1,326,,
327,50,8/18/2026 0:00:00,"Purchase Receipt",1,327,,
328,51,8/18/2026 0:00:00,"Purchase Receipt",1,328,,
329,50,8/20/2026 0:00:00,"Purchase Receipt",1,329,,
330,51,8/20/2026 0:00:00,"Purchase Receipt",1,330,,
331,50,8/22/2026 0:00:00,"Purchase Receipt",1,331,,
332,51,8/22/2026 0:00:00,"Purchase Receipt",1,332,,
333,50,8/23/2026 0:00:00,"Purchase Receipt",1,333,,
334,51,8/23/2026 0:00:00,"Purchase Receipt",1,334,,
335,50,8/25/2026 0:00:00,"Purchase Receipt",1,335,,
336,51,8/25/2026 0:00:00,"Purchase Receipt",1,336,,
337,50,8/27/2026 0:00:00,"Purchase Receipt",1,337,,
338,51,8/27/2026 0:00:00,"Purchase Receipt",1,338,,
339,50,8/29/2026 0:00:00,"Purchase Receipt",1,339,,
340,51,8/29/2026 0:00:00,"Purchase Receipt",1,340,,
341,50,8/31/2026 0:00:00,"Purchase Receipt",1,341,,
342,51,8/31/2026 0:00:00,"Purchase Receipt",1,342,,
343,50,9/2/2026 0:00:00,"Purchase Receipt",1,343,,
344,51,9/2/2026 0:00:00,"Purchase Receipt",1,344,,
345,52,9/3/2026 0:00:00,"Purchase Receipt",1,345,,
346,53,9/3/2026 0:00:00,"Purchase Receipt",1,346,,
347,53,9/5/2026 0:00:00,"Purchase Receipt",1,347,,
348,54,9/5/2026 0:00:00,"Purchase Receipt",1,348,,
349,54,9/7/2026 0:00:00,"Purchase Receipt",1,349,,
350,55,9/7/2026 0:00:00,"Purchase Receipt",1,350,,
351,55,9/9/2026 0:00:00,"Purchase Receipt",1,351,,
352,56,9/9/2026 0:00:00,"Purchase Receipt",1,352,,
353,56,9/11/2026 0:00:00,"Purchase Receipt",1,353,,
354,50,9/11/2026 0:00:00,"Purchase Receipt",1,354,,
355,50,9/13/2026 0:00:00,"Purchase Receipt",1,355,,
356,52,9/13/2026 0:00:00,"Purchase Receipt",1,356,,
357,52,9/14/2026 0:00:00,"Purchase Receipt",1,357,,
358,53,9/14/2026 0:00:00,"Purchase Receipt",1,358,,
359,50,9/16/2026 0:00:00,"Purchase Receipt",1,359,,
360,52,9/16/2026 0:00:00,"Purchase Receipt",1,360,,
361,54,9/18/2026 0:00:00,"Purchase Receipt",1,361,,
362,55,9/18/2026 0:00:00,"Purchase Receipt",1,362,,
363,56,9/20/2026 0:00:00,"Purchase Receipt",1,363,,
364,50,9/20/2026 0:00:00,"Purchase Receipt",1,364,,
365,52,9/22/2026 0:00:00,"Purchase Receipt",1,365,,
366,54,9/22/2026 0:00:00,"Purchase Receipt",1,366,,
367,55,9/24/2026 0:00:00,"Purchase Receipt",1,367,,
368,56,9/24/2026 0:00:00,"Purchase Receipt",1,368,,
369,50,9/25/2026 0:00:00,"Purchase Receipt",1,369,,
370,52,9/25/2026 0:00:00,"Purchase Receipt",1,370,,
371,54,9/27/2026 0:00:00,"Purchase Receipt",1,371,,
372,55,9/27/2026 0:00:00,"Purchase Receipt",1,372,,
373,56,9/29/2026 0:00:00,"Purchase Receipt",1,373,,
374,50,9/29/2026 0:00:00,"Purchase Receipt",1,374,,
375,52,10/1/2026 0:00:00,"Purchase Receipt",1,375,,
376,54,10/1/2026 0:00:00,"Purchase Receipt",1,376,,
377,55,10/3/2026 0:00:00,"Purchase Receipt",1,377,,
378,56,10/3/2026 0:00:00,"Purchase Receipt",1,378,,
379,54,10/5/2026 0:00:00,"Purchase Receipt",1,379,,
380,56,10/5/2026 0:00:00,"Purchase Receipt",1,380,,
381,52,10/6/2026 0:00:00,"Purchase Receipt",1,381,,
382,54,10/6/2026 0:00:00,"Purchase Receipt",1,382,,
383,54,10/8/2026 0:00:00,"Purchase Receipt",1,383,,
384,50,10/8/2026 0:00:00,"Purchase Receipt",1,384,,
385,52,10/10/2026 0:00:00,"Purchase Receipt",1,385,,
386,50,10/10/2026 0:00:00,"Purchase Receipt",1,386,,
387,50,10/12/2026 0:00:00,"Purchase Receipt",1,387,,
388,52,10/12/2026 0:00:00,"Purchase Receipt",1,388,,
389,52,10/14/2026 0:00:00,"Purchase Receipt",1,389,,
390,52,10/16/2026 0:00:00,"Purchase Receipt",2,390,,
391,52,10/17/2026 0:00:00,"Purchase Receipt",2,391,,
392,52,10/19/2026 0:00:00,"Purchase Receipt",2,392,,
393,52,10/21/2026 0:00:00,"Purchase Receipt",2,393,,
394,52,10/23/2026 0:00:00,"Purchase Receipt",2,394,,
395,1,1/1/2026 0:00:00,"Sale",-1,,1,
396,1,1/1/2026 0:00:00,"Sale",-1,,2,
397,2,1/1/2026 0:00:00,"Sale",-1,,3,
398,2,1/1/2026 0:00:00,"Sale",-1,,4,
399,3,1/2/2026 0:00:00,"Sale",-1,,5,
400,3,1/2/2026 0:00:00,"Sale",-1,,6,
401,4,1/2/2026 0:00:00,"Sale",-1,,7,
402,4,1/2/2026 0:00:00,"Sale",-1,,8,
403,5,1/2/2026 0:00:00,"Sale",-1,,9,
404,5,1/2/2026 0:00:00,"Sale",-1,,10,
405,6,1/3/2026 0:00:00,"Sale",-1,,11,
406,6,1/3/2026 0:00:00,"Sale",-1,,12,
407,7,1/3/2026 0:00:00,"Sale",-1,,13,
408,7,1/3/2026 0:00:00,"Sale",-1,,14,
409,8,1/3/2026 0:00:00,"Sale",-1,,15,
410,8,1/3/2026 0:00:00,"Sale",-1,,16,
411,9,1/3/2026 0:00:00,"Sale",-1,,17,
412,9,1/3/2026 0:00:00,"Sale",-1,,18,
413,10,1/4/2026 0:00:00,"Sale",-1,,19,
414,10,1/4/2026 0:00:00,"Sale",-1,,20,
415,11,1/4/2026 0:00:00,"Sale",-1,,21,
416,11,1/4/2026 0:00:00,"Sale",-1,,22,
417,12,1/4/2026 0:00:00,"Sale",-1,,23,
418,12,1/4/2026 0:00:00,"Sale",-1,,24,
419,13,1/5/2026 0:00:00,"Sale",-1,,25,
420,13,1/5/2026 0:00:00,"Sale",-1,,26,
421,14,1/5/2026 0:00:00,"Sale",-1,,27,
422,14,1/5/2026 0:00:00,"Sale",-1,,28,
423,15,1/5/2026 0:00:00,"Sale",-1,,29,
424,15,1/5/2026 0:00:00,"Sale",-1,,30,
425,16,1/6/2026 0:00:00,"Sale",-1,,31,
426,16,1/6/2026 0:00:00,"Sale",-1,,32,
427,17,1/6/2026 0:00:00,"Sale",-1,,33,
428,17,1/6/2026 0:00:00,"Sale",-1,,34,
429,18,1/6/2026 0:00:00,"Sale",-1,,35,
430,18,1/6/2026 0:00:00,"Sale",-1,,36,
431,19,1/6/2026 0:00:00,"Sale",-1,,37,
432,19,1/6/2026 0:00:00,"Sale",-1,,38,
433,20,1/7/2026 0:00:00,"Sale",-1,,39,
434,20,1/7/2026 0:00:00,"Sale",-1,,40,
435,21,1/7/2026 0:00:00,"Sale",-1,,41,
436,21,1/7/2026 0:00:00,"Sale",-1,,42,
437,22,1/7/2026 0:00:00,"Sale",-1,,43,
438,22,1/7/2026 0:00:00,"Sale",-1,,44,
439,23,1/8/2026 0:00:00,"Sale",-1,,45,
440,23,1/8/2026 0:00:00,"Sale",-1,,46,
441,24,1/8/2026 0:00:00,"Sale",-1,,47,
442,24,1/8/2026 0:00:00,"Sale",-1,,48,
443,25,1/8/2026 0:00:00,"Sale",-1,,49,
444,25,1/8/2026 0:00:00,"Sale",-1,,50,
445,26,1/9/2026 0:00:00,"Sale",-1,,51,
446,26,1/9/2026 0:00:00,"Sale",-1,,52,
447,27,1/9/2026 0:00:00,"Sale",-1,,53,
448,27,1/9/2026 0:00:00,"Sale",-1,,54,
449,28,1/9/2026 0:00:00,"Sale",-1,,55,
450,28,1/9/2026 0:00:00,"Sale",-1,,56,
451,29,1/10/2026 0:00:00,"Sale",-1,,57,
452,29,1/10/2026 0:00:00,"Sale",-1,,58,
453,30,1/10/2026 0:00:00,"Sale",-1,,59,
454,30,1/10/2026 0:00:00,"Sale",-1,,60,
455,31,1/10/2026 0:00:00,"Sale",-1,,61,
456,31,1/10/2026 0:00:00,"Sale",-1,,62,
457,32,1/10/2026 0:00:00,"Sale",-1,,63,
458,32,1/10/2026 0:00:00,"Sale",-1,,64,
459,33,1/11/2026 0:00:00,"Sale",-1,,65,
460,33,1/11/2026 0:00:00,"Sale",-1,,66,
461,34,1/11/2026 0:00:00,"Sale",-1,,67,
462,34,1/11/2026 0:00:00,"Sale",-1,,68,
463,35,1/11/2026 0:00:00,"Sale",-1,,69,
464,35,1/11/2026 0:00:00,"Sale",-1,,70,
465,36,1/12/2026 0:00:00,"Sale",-1,,71,
466,36,1/12/2026 0:00:00,"Sale",-1,,72,
467,37,1/12/2026 0:00:00,"Sale",-1,,73,
468,37,1/12/2026 0:00:00,"Sale",-1,,74,
469,38,1/12/2026 0:00:00,"Sale",-1,,75,
470,38,1/12/2026 0:00:00,"Sale",-1,,76,
471,39,1/13/2026 0:00:00,"Sale",-1,,77,
472,39,1/13/2026 0:00:00,"Sale",-1,,78,
473,40,1/13/2026 0:00:00,"Sale",-1,,79,
474,40,1/13/2026 0:00:00,"Sale",-1,,80,
475,41,1/13/2026 0:00:00,"Sale",-1,,81,
476,41,1/13/2026 0:00:00,"Sale",-1,,82,
477,42,1/13/2026 0:00:00,"Sale",-1,,83,
478,42,1/13/2026 0:00:00,"Sale",-1,,84,
479,43,1/14/2026 0:00:00,"Sale",-1,,85,
480,43,1/14/2026 0:00:00,"Sale",-1,,86,
481,44,1/14/2026 0:00:00,"Sale",-1,,87,
482,44,1/14/2026 0:00:00,"Sale",-1,,88,
483,45,1/14/2026 0:00:00,"Sale",-1,,89,
484,45,1/14/2026 0:00:00,"Sale",-1,,90,
485,46,1/15/2026 0:00:00,"Sale",-1,,91,
486,46,1/15/2026 0:00:00,"Sale",-1,,92,
487,47,1/15/2026 0:00:00,"Sale",-1,,93,
488,47,1/15/2026 0:00:00,"Sale",-1,,94,
489,48,1/15/2026 0:00:00,"Sale",-1,,95,
490,48,1/15/2026 0:00:00,"Sale",-1,,96,
491,49,1/16/2026 0:00:00,"Sale",-1,,97,
492,49,1/16/2026 0:00:00,"Sale",-1,,98,
493,50,1/16/2026 0:00:00,"Sale",-1,,99,
494,50,1/16/2026 0:00:00,"Sale",-1,,100,
495,51,1/16/2026 0:00:00,"Sale",-1,,101,
496,51,1/16/2026 0:00:00,"Sale",-1,,102,
497,52,1/16/2026 0:00:00,"Sale",-1,,103,
498,52,1/16/2026 0:00:00,"Sale",-1,,104,
499,53,1/17/2026 0:00:00,"Sale",-1,,105,
500,53,1/17/2026 0:00:00,"Sale",-1,,106,
501,54,1/17/2026 0:00:00,"Sale",-1,,107,
502,54,1/17/2026 0:00:00,"Sale",-1,,108,
503,55,1/17/2026 0:00:00,"Sale",-1,,109,
504,55,1/17/2026 0:00:00,"Sale",-1,,110,
505,56,1/18/2026 0:00:00,"Sale",-1,,111,
506,56,1/18/2026 0:00:00,"Sale",-1,,112,
507,57,1/18/2026 0:00:00,"Sale",-1,,113,
508,57,1/18/2026 0:00:00,"Sale",-1,,114,
509,1,1/18/2026 0:00:00,"Sale",-1,,115,
510,1,1/18/2026 0:00:00,"Sale",-1,,116,
511,2,1/19/2026 0:00:00,"Sale",-1,,117,
512,2,1/19/2026 0:00:00,"Sale",-1,,118,
513,3,1/19/2026 0:00:00,"Sale",-1,,119,
514,3,1/19/2026 0:00:00,"Sale",-1,,120,
515,4,1/19/2026 0:00:00,"Sale",-1,,121,
516,4,1/19/2026 0:00:00,"Sale",-1,,122,
517,5,1/20/2026 0:00:00,"Sale",-1,,123,
518,5,1/20/2026 0:00:00,"Sale",-1,,124,
519,6,1/20/2026 0:00:00,"Sale",-1,,125,
520,6,1/20/2026 0:00:00,"Sale",-1,,126,
521,7,1/20/2026 0:00:00,"Sale",-1,,127,
522,7,1/20/2026 0:00:00,"Sale",-1,,128,
523,8,1/20/2026 0:00:00,"Sale",-1,,129,
524,8,1/20/2026 0:00:00,"Sale",-1,,130,
525,9,1/21/2026 0:00:00,"Sale",-1,,131,
526,9,1/21/2026 0:00:00,"Sale",-1,,132,
527,10,1/21/2026 0:00:00,"Sale",-1,,133,
528,10,1/21/2026 0:00:00,"Sale",-1,,134,
529,11,1/21/2026 0:00:00,"Sale",-1,,135,
530,11,1/21/2026 0:00:00,"Sale",-1,,136,
531,12,1/22/2026 0:00:00,"Sale",-1,,137,
532,12,1/22/2026 0:00:00,"Sale",-1,,138,
533,13,1/22/2026 0:00:00,"Sale",-1,,139,
534,13,1/22/2026 0:00:00,"Sale",-1,,140,
535,14,1/22/2026 0:00:00,"Sale",-1,,141,
536,14,1/22/2026 0:00:00,"Sale",-1,,142,
537,15,1/23/2026 0:00:00,"Sale",-1,,143,
538,15,1/23/2026 0:00:00,"Sale",-1,,144,
539,16,1/23/2026 0:00:00,"Sale",-1,,145,
540,16,1/23/2026 0:00:00,"Sale",-1,,146,
541,17,1/23/2026 0:00:00,"Sale",-1,,147,
542,17,1/23/2026 0:00:00,"Sale",-1,,148,
543,18,1/23/2026 0:00:00,"Sale",-1,,149,
544,18,1/23/2026 0:00:00,"Sale",-1,,150,
545,19,1/24/2026 0:00:00,"Sale",-1,,151,
546,19,1/24/2026 0:00:00,"Sale",-1,,152,
547,20,1/24/2026 0:00:00,"Sale",-1,,153,
548,20,1/24/2026 0:00:00,"Sale",-1,,154,
549,21,1/24/2026 0:00:00,"Sale",-1,,155,
550,21,1/24/2026 0:00:00,"Sale",-1,,156,
551,22,1/25/2026 0:00:00,"Sale",-1,,157,
552,22,1/25/2026 0:00:00,"Sale",-1,,158,
553,23,1/25/2026 0:00:00,"Sale",-1,,159,
554,23,1/25/2026 0:00:00,"Sale",-1,,160,
555,24,1/25/2026 0:00:00,"Sale",-1,,161,
556,24,1/25/2026 0:00:00,"Sale",-1,,162,
557,25,1/26/2026 0:00:00,"Sale",-1,,163,
558,25,1/26/2026 0:00:00,"Sale",-1,,164,
559,26,1/26/2026 0:00:00,"Sale",-1,,165,
560,26,1/26/2026 0:00:00,"Sale",-1,,166,
561,27,1/26/2026 0:00:00,"Sale",-1,,167,
562,27,1/26/2026 0:00:00,"Sale",-1,,168,
563,28,1/27/2026 0:00:00,"Sale",-1,,169,
564,28,1/27/2026 0:00:00,"Sale",-1,,170,
565,29,1/27/2026 0:00:00,"Sale",-1,,171,
566,29,1/27/2026 0:00:00,"Sale",-1,,172,
567,30,1/27/2026 0:00:00,"Sale",-1,,173,
568,30,1/27/2026 0:00:00,"Sale",-1,,174,
569,31,1/27/2026 0:00:00,"Sale",-1,,175,
570,31,1/27/2026 0:00:00,"Sale",-1,,176,
571,32,1/28/2026 0:00:00,"Sale",-1,,177,
572,32,1/28/2026 0:00:00,"Sale",-1,,178,
573,33,1/28/2026 0:00:00,"Sale",-1,,179,
574,33,1/28/2026 0:00:00,"Sale",-1,,180,
575,34,1/28/2026 0:00:00,"Sale",-1,,181,
576,34,1/28/2026 0:00:00,"Sale",-1,,182,
577,35,1/29/2026 0:00:00,"Sale",-1,,183,
578,35,1/29/2026 0:00:00,"Sale",-1,,184,
579,36,1/29/2026 0:00:00,"Sale",-1,,185,
580,36,1/29/2026 0:00:00,"Sale",-1,,186,
581,37,1/29/2026 0:00:00,"Sale",-1,,187,
582,37,1/29/2026 0:00:00,"Sale",-1,,188,
583,38,1/30/2026 0:00:00,"Sale",-1,,189,
584,38,1/30/2026 0:00:00,"Sale",-1,,190,
585,39,1/30/2026 0:00:00,"Sale",-1,,191,
586,39,1/30/2026 0:00:00,"Sale",-1,,192,
587,40,1/30/2026 0:00:00,"Sale",-1,,193,
588,40,1/30/2026 0:00:00,"Sale",-1,,194,
589,41,1/30/2026 0:00:00,"Sale",-1,,195,
590,41,1/30/2026 0:00:00,"Sale",-1,,196,
591,42,1/31/2026 0:00:00,"Sale",-1,,197,
592,42,1/31/2026 0:00:00,"Sale",-1,,198,
593,43,1/31/2026 0:00:00,"Sale",-1,,199,
594,43,1/31/2026 0:00:00,"Sale",-1,,200,
595,44,1/31/2026 0:00:00,"Sale",-1,,201,
596,44,1/31/2026 0:00:00,"Sale",-1,,202,
597,45,2/1/2026 0:00:00,"Sale",-1,,203,
598,45,2/1/2026 0:00:00,"Sale",-1,,204,
599,46,2/1/2026 0:00:00,"Sale",-1,,205,
600,46,2/1/2026 0:00:00,"Sale",-1,,206,
601,47,2/1/2026 0:00:00,"Sale",-1,,207,
602,47,2/1/2026 0:00:00,"Sale",-1,,208,
603,48,2/2/2026 0:00:00,"Sale",-1,,209,
604,48,2/2/2026 0:00:00,"Sale",-1,,210,
605,49,2/2/2026 0:00:00,"Sale",-1,,211,
606,49,2/2/2026 0:00:00,"Sale",-1,,212,
607,50,2/2/2026 0:00:00,"Sale",-1,,213,
608,50,2/2/2026 0:00:00,"Sale",-1,,214,
609,51,2/2/2026 0:00:00,"Sale",-1,,215,
610,51,2/2/2026 0:00:00,"Sale",-1,,216,
611,52,2/3/2026 0:00:00,"Sale",-1,,217,
612,52,2/3/2026 0:00:00,"Sale",-1,,218,
613,53,2/3/2026 0:00:00,"Sale",-1,,219,
614,53,2/3/2026 0:00:00,"Sale",-1,,220,
615,54,2/3/2026 0:00:00,"Sale",-1,,221,
616,54,2/3/2026 0:00:00,"Sale",-1,,222,
617,55,2/4/2026 0:00:00,"Sale",-1,,223,
618,55,2/4/2026 0:00:00,"Sale",-1,,224,
619,56,2/4/2026 0:00:00,"Sale",-1,,225,
620,56,2/4/2026 0:00:00,"Sale",-1,,226,
621,57,2/4/2026 0:00:00,"Sale",-1,,227,
622,57,2/4/2026 0:00:00,"Sale",-1,,228,
623,1,2/5/2026 0:00:00,"Sale",-1,,229,
624,1,2/5/2026 0:00:00,"Sale",-1,,230,
625,2,2/5/2026 0:00:00,"Sale",-1,,231,
626,2,2/5/2026 0:00:00,"Sale",-1,,232,
627,3,2/5/2026 0:00:00,"Sale",-1,,233,
628,3,2/5/2026 0:00:00,"Sale",-1,,234,
629,4,2/6/2026 0:00:00,"Sale",-1,,235,
630,4,2/6/2026 0:00:00,"Sale",-1,,236,
631,5,2/6/2026 0:00:00,"Sale",-1,,237,
632,5,2/6/2026 0:00:00,"Sale",-1,,238,
633,6,2/6/2026 0:00:00,"Sale",-1,,239,
634,6,2/6/2026 0:00:00,"Sale",-1,,240,
635,7,2/6/2026 0:00:00,"Sale",-1,,241,
636,7,2/6/2026 0:00:00,"Sale",-1,,242,
637,8,2/7/2026 0:00:00,"Sale",-1,,243,
638,8,2/7/2026 0:00:00,"Sale",-1,,244,
639,9,2/7/2026 0:00:00,"Sale",-1,,245,
640,9,2/7/2026 0:00:00,"Sale",-1,,246,
641,10,2/7/2026 0:00:00,"Sale",-1,,247,
642,10,2/7/2026 0:00:00,"Sale",-1,,248,
643,11,2/8/2026 0:00:00,"Sale",-1,,249,
644,11,2/8/2026 0:00:00,"Sale",-1,,250,
645,12,2/8/2026 0:00:00,"Sale",-1,,251,
646,12,2/8/2026 0:00:00,"Sale",-1,,252,
647,13,2/8/2026 0:00:00,"Sale",-1,,253,
648,13,2/8/2026 0:00:00,"Sale",-1,,254,
649,14,2/9/2026 0:00:00,"Sale",-1,,255,
650,14,2/9/2026 0:00:00,"Sale",-1,,256,
651,15,2/9/2026 0:00:00,"Sale",-1,,257,
652,15,2/9/2026 0:00:00,"Sale",-1,,258,
653,16,2/9/2026 0:00:00,"Sale",-1,,259,
654,16,2/9/2026 0:00:00,"Sale",-1,,260,
655,17,2/9/2026 0:00:00,"Sale",-1,,261,
656,17,2/9/2026 0:00:00,"Sale",-1,,262,
657,18,2/10/2026 0:00:00,"Sale",-1,,263,
658,18,2/10/2026 0:00:00,"Sale",-1,,264,
659,19,2/10/2026 0:00:00,"Sale",-1,,265,
660,19,2/10/2026 0:00:00,"Sale",-1,,266,
661,20,2/10/2026 0:00:00,"Sale",-1,,267,
662,20,2/10/2026 0:00:00,"Sale",-1,,268,
663,21,2/11/2026 0:00:00,"Sale",-1,,269,
664,21,2/11/2026 0:00:00,"Sale",-1,,270,
665,22,2/11/2026 0:00:00,"Sale",-1,,271,
666,22,2/11/2026 0:00:00,"Sale",-1,,272,
667,23,2/11/2026 0:00:00,"Sale",-1,,273,
668,23,2/11/2026 0:00:00,"Sale",-1,,274,
669,24,2/12/2026 0:00:00,"Sale",-1,,275,
670,24,2/12/2026 0:00:00,"Sale",-1,,276,
671,25,2/12/2026 0:00:00,"Sale",-1,,277,
672,25,2/12/2026 0:00:00,"Sale",-1,,278,
673,26,2/12/2026 0:00:00,"Sale",-1,,279,
674,26,2/12/2026 0:00:00,"Sale",-1,,280,
675,27,2/13/2026 0:00:00,"Sale",-1,,281,
676,27,2/13/2026 0:00:00,"Sale",-1,,282,
677,28,2/13/2026 0:00:00,"Sale",-1,,283,
678,28,2/13/2026 0:00:00,"Sale",-1,,284,
679,29,2/13/2026 0:00:00,"Sale",-1,,285,
680,29,2/13/2026 0:00:00,"Sale",-1,,286,
681,30,2/13/2026 0:00:00,"Sale",-1,,287,
682,30,2/13/2026 0:00:00,"Sale",-1,,288,
683,31,2/14/2026 0:00:00,"Sale",-1,,289,
684,31,2/14/2026 0:00:00,"Sale",-1,,290,
685,32,2/14/2026 0:00:00,"Sale",-1,,291,
686,32,2/14/2026 0:00:00,"Sale",-1,,292,
687,33,2/14/2026 0:00:00,"Sale",-1,,293,
688,33,2/14/2026 0:00:00,"Sale",-1,,294,
689,34,2/15/2026 0:00:00,"Sale",-1,,295,
690,34,2/15/2026 0:00:00,"Sale",-1,,296,
691,35,2/15/2026 0:00:00,"Sale",-1,,297,
692,35,2/15/2026 0:00:00,"Sale",-1,,298,
693,36,2/15/2026 0:00:00,"Sale",-1,,299,
694,36,2/15/2026 0:00:00,"Sale",-1,,300,
695,37,2/16/2026 0:00:00,"Sale",-1,,301,
696,37,2/16/2026 0:00:00,"Sale",-1,,302,
697,38,2/16/2026 0:00:00,"Sale",-1,,303,
698,38,2/16/2026 0:00:00,"Sale",-1,,304,
699,39,2/16/2026 0:00:00,"Sale",-1,,305,
700,39,2/16/2026 0:00:00,"Sale",-1,,306,
701,40,2/16/2026 0:00:00,"Sale",-1,,307,
702,40,2/16/2026 0:00:00,"Sale",-1,,308,
703,41,2/17/2026 0:00:00,"Sale",-1,,309,
704,41,2/17/2026 0:00:00,"Sale",-1,,310,
705,42,2/17/2026 0:00:00,"Sale",-1,,311,
706,42,2/17/2026 0:00:00,"Sale",-1,,312,
707,43,2/17/2026 0:00:00,"Sale",-1,,313,
708,43,2/17/2026 0:00:00,"Sale",-1,,314,
709,44,2/18/2026 0:00:00,"Sale",-1,,315,
710,44,2/18/2026 0:00:00,"Sale",-1,,316,
711,45,2/18/2026 0:00:00,"Sale",-1,,317,
712,45,2/18/2026 0:00:00,"Sale",-1,,318,
713,46,2/18/2026 0:00:00,"Sale",-1,,319,
714,46,2/18/2026 0:00:00,"Sale",-1,,320,
715,47,2/19/2026 0:00:00,"Sale",-1,,321,
716,47,2/19/2026 0:00:00,"Sale",-1,,322,
717,48,2/19/2026 0:00:00,"Sale",-1,,323,
718,48,2/19/2026 0:00:00,"Sale",-1,,324,
719,49,2/19/2026 0:00:00,"Sale",-1,,325,
720,49,2/19/2026 0:00:00,"Sale",-1,,326,
721,50,2/19/2026 0:00:00,"Sale",-1,,327,
722,50,2/19/2026 0:00:00,"Sale",-1,,328,
723,51,2/20/2026 0:00:00,"Sale",-1,,329,
724,51,2/20/2026 0:00:00,"Sale",-1,,330,
725,52,2/20/2026 0:00:00,"Sale",-1,,331,
726,52,2/20/2026 0:00:00,"Sale",-1,,332,
727,53,2/20/2026 0:00:00,"Sale",-1,,333,
728,53,2/20/2026 0:00:00,"Sale",-1,,334,
729,54,2/21/2026 0:00:00,"Sale",-1,,335,
730,54,2/21/2026 0:00:00,"Sale",-1,,336,
731,55,2/21/2026 0:00:00,"Sale",-1,,337,
732,55,2/21/2026 0:00:00,"Sale",-1,,338,
733,56,2/21/2026 0:00:00,"Sale",-1,,339,
734,56,2/21/2026 0:00:00,"Sale",-1,,340,
735,57,2/22/2026 0:00:00,"Sale",-1,,341,
736,57,2/22/2026 0:00:00,"Sale",-1,,342,
737,1,2/22/2026 0:00:00,"Sale",-1,,343,
738,1,2/22/2026 0:00:00,"Sale",-1,,344,
739,2,2/22/2026 0:00:00,"Sale",-1,,345,
740,2,2/22/2026 0:00:00,"Sale",-1,,346,
741,3,2/23/2026 0:00:00,"Sale",-1,,347,
742,3,2/23/2026 0:00:00,"Sale",-1,,348,
743,4,2/23/2026 0:00:00,"Sale",-1,,349,
744,4,2/23/2026 0:00:00,"Sale",-1,,350,
745,5,2/23/2026 0:00:00,"Sale",-1,,351,
746,5,2/23/2026 0:00:00,"Sale",-1,,352,
747,6,2/23/2026 0:00:00,"Sale",-1,,353,
748,6,2/23/2026 0:00:00,"Sale",-1,,354,
749,7,2/24/2026 0:00:00,"Sale",-1,,355,
750,7,2/24/2026 0:00:00,"Sale",-1,,356,
751,8,2/24/2026 0:00:00,"Sale",-1,,357,
752,8,2/24/2026 0:00:00,"Sale",-1,,358,
753,9,2/24/2026 0:00:00,"Sale",-1,,359,
754,9,2/24/2026 0:00:00,"Sale",-1,,360,
755,10,2/25/2026 0:00:00,"Sale",-1,,361,
756,10,2/25/2026 0:00:00,"Sale",-1,,362,
757,11,2/25/2026 0:00:00,"Sale",-1,,363,
758,11,2/25/2026 0:00:00,"Sale",-1,,364,
759,12,2/25/2026 0:00:00,"Sale",-1,,365,
760,12,2/25/2026 0:00:00,"Sale",-1,,366,
761,13,2/26/2026 0:00:00,"Sale",-1,,367,
762,13,2/26/2026 0:00:00,"Sale",-1,,368,
763,14,2/26/2026 0:00:00,"Sale",-1,,369,
764,14,2/26/2026 0:00:00,"Sale",-1,,370,
765,15,2/26/2026 0:00:00,"Sale",-1,,371,
766,15,2/26/2026 0:00:00,"Sale",-1,,372,
767,16,2/26/2026 0:00:00,"Sale",-1,,373,
768,16,2/26/2026 0:00:00,"Sale",-1,,374,
769,17,2/27/2026 0:00:00,"Sale",-1,,375,
770,17,2/27/2026 0:00:00,"Sale",-1,,376,
771,18,2/27/2026 0:00:00,"Sale",-1,,377,
772,18,2/27/2026 0:00:00,"Sale",-1,,378,
773,19,2/27/2026 0:00:00,"Sale",-1,,379,
774,19,2/27/2026 0:00:00,"Sale",-1,,380,
775,20,2/28/2026 0:00:00,"Sale",-1,,381,
776,20,2/28/2026 0:00:00,"Sale",-1,,382,
777,21,2/28/2026 0:00:00,"Sale",-1,,383,
778,21,2/28/2026 0:00:00,"Sale",-1,,384,
779,22,2/28/2026 0:00:00,"Sale",-1,,385,
780,22,2/28/2026 0:00:00,"Sale",-1,,386,
781,23,3/1/2026 0:00:00,"Sale",-1,,387,
782,23,3/1/2026 0:00:00,"Sale",-1,,388,
783,24,3/1/2026 0:00:00,"Sale",-1,,389,
784,24,3/1/2026 0:00:00,"Sale",-1,,390,
785,25,3/1/2026 0:00:00,"Sale",-1,,391,
786,25,3/1/2026 0:00:00,"Sale",-1,,392,
787,26,3/2/2026 0:00:00,"Sale",-1,,393,
788,26,3/2/2026 0:00:00,"Sale",-1,,394,
789,27,3/2/2026 0:00:00,"Sale",-1,,395,
790,27,3/2/2026 0:00:00,"Sale",-1,,396,
791,28,3/2/2026 0:00:00,"Sale",-1,,397,
792,28,3/2/2026 0:00:00,"Sale",-1,,398,
793,29,3/2/2026 0:00:00,"Sale",-1,,399,
794,29,3/2/2026 0:00:00,"Sale",-1,,400,
795,30,3/3/2026 0:00:00,"Sale",-1,,401,
796,30,3/3/2026 0:00:00,"Sale",-1,,402,
797,31,3/3/2026 0:00:00,"Sale",-1,,403,
798,31,3/3/2026 0:00:00,"Sale",-1,,404,
799,32,3/3/2026 0:00:00,"Sale",-1,,405,
800,32,3/3/2026 0:00:00,"Sale",-1,,406,
801,33,3/4/2026 0:00:00,"Sale",-1,,407,
802,33,3/4/2026 0:00:00,"Sale",-1,,408,
803,34,3/4/2026 0:00:00,"Sale",-1,,409,
804,34,3/4/2026 0:00:00,"Sale",-1,,410,
805,35,3/4/2026 0:00:00,"Sale",-1,,411,
806,35,3/4/2026 0:00:00,"Sale",-1,,412,
807,36,3/5/2026 0:00:00,"Sale",-1,,413,
808,36,3/5/2026 0:00:00,"Sale",-1,,414,
809,37,3/5/2026 0:00:00,"Sale",-1,,415,
810,37,3/5/2026 0:00:00,"Sale",-1,,416,
811,38,3/5/2026 0:00:00,"Sale",-1,,417,
812,38,3/5/2026 0:00:00,"Sale",-1,,418,
813,39,3/5/2026 0:00:00,"Sale",-1,,419,
814,39,3/5/2026 0:00:00,"Sale",-1,,420,
815,40,3/6/2026 0:00:00,"Sale",-1,,421,
816,40,3/6/2026 0:00:00,"Sale",-1,,422,
817,41,3/6/2026 0:00:00,"Sale",-1,,423,
818,41,3/6/2026 0:00:00,"Sale",-1,,424,
819,42,3/6/2026 0:00:00,"Sale",-1,,425,
820,42,3/6/2026 0:00:00,"Sale",-1,,426,
821,43,3/7/2026 0:00:00,"Sale",-1,,427,
822,43,3/7/2026 0:00:00,"Sale",-1,,428,
823,44,3/7/2026 0:00:00,"Sale",-1,,429,
824,44,3/7/2026 0:00:00,"Sale",-1,,430,
825,45,3/7/2026 0:00:00,"Sale",-1,,431,
826,45,3/7/2026 0:00:00,"Sale",-1,,432,
827,46,3/8/2026 0:00:00,"Sale",-1,,433,
828,46,3/8/2026 0:00:00,"Sale",-1,,434,
829,47,3/8/2026 0:00:00,"Sale",-1,,435,
830,47,3/8/2026 0:00:00,"Sale",-1,,436,
831,48,3/8/2026 0:00:00,"Sale",-1,,437,
832,48,3/8/2026 0:00:00,"Sale",-1,,438,
833,49,3/8/2026 0:00:00,"Sale",-1,,439,
834,49,3/8/2026 0:00:00,"Sale",-1,,440,
835,50,3/9/2026 0:00:00,"Sale",-1,,441,
836,50,3/9/2026 0:00:00,"Sale",-1,,442,
837,51,3/9/2026 0:00:00,"Sale",-1,,443,
838,51,3/9/2026 0:00:00,"Sale",-1,,444,
839,52,3/9/2026 0:00:00,"Sale",-1,,445,
840,52,3/9/2026 0:00:00,"Sale",-1,,446,
841,53,3/10/2026 0:00:00,"Sale",-1,,447,
842,53,3/10/2026 0:00:00,"Sale",-1,,448,
843,54,3/10/2026 0:00:00,"Sale",-1,,449,
844,54,3/10/2026 0:00:00,"Sale",-1,,450,
845,55,3/10/2026 0:00:00,"Sale",-1,,451,
846,55,3/10/2026 0:00:00,"Sale",-1,,452,
847,56,3/11/2026 0:00:00,"Sale",-1,,453,
848,56,3/11/2026 0:00:00,"Sale",-1,,454,
849,57,3/11/2026 0:00:00,"Sale",-1,,455,
850,57,3/11/2026 0:00:00,"Sale",-1,,456,
851,1,3/11/2026 0:00:00,"Sale",-1,,457,
852,1,3/11/2026 0:00:00,"Sale",-1,,458,
853,2,3/12/2026 0:00:00,"Sale",-1,,459,
854,2,3/12/2026 0:00:00,"Sale",-1,,460,
855,3,3/12/2026 0:00:00,"Sale",-1,,461,
856,3,3/12/2026 0:00:00,"Sale",-1,,462,
857,4,3/12/2026 0:00:00,"Sale",-1,,463,
858,4,3/12/2026 0:00:00,"Sale",-1,,464,
859,6,3/12/2026 0:00:00,"Sale",-1,,465,
860,6,3/12/2026 0:00:00,"Sale",-1,,466,
861,8,3/13/2026 0:00:00,"Sale",-1,,467,
862,8,3/13/2026 0:00:00,"Sale",-1,,468,
863,9,3/13/2026 0:00:00,"Sale",-1,,469,
864,9,3/13/2026 0:00:00,"Sale",-1,,470,
865,10,3/13/2026 0:00:00,"Sale",-1,,471,
866,10,3/13/2026 0:00:00,"Sale",-1,,472,
867,11,3/14/2026 0:00:00,"Sale",-1,,473,
868,11,3/14/2026 0:00:00,"Sale",-1,,474,
869,12,3/14/2026 0:00:00,"Sale",-1,,475,
870,12,3/14/2026 0:00:00,"Sale",-1,,476,
871,13,3/14/2026 0:00:00,"Sale",-1,,477,
872,13,3/14/2026 0:00:00,"Sale",-1,,478,
873,14,3/15/2026 0:00:00,"Sale",-1,,479,
874,14,3/15/2026 0:00:00,"Sale",-1,,480,
875,15,3/15/2026 0:00:00,"Sale",-1,,481,
876,15,3/15/2026 0:00:00,"Sale",-1,,482,
877,16,3/15/2026 0:00:00,"Sale",-1,,483,
878,16,3/15/2026 0:00:00,"Sale",-1,,484,
879,17,3/15/2026 0:00:00,"Sale",-1,,485,
880,17,3/15/2026 0:00:00,"Sale",-1,,486,
881,18,3/16/2026 0:00:00,"Sale",-1,,487,
882,18,3/16/2026 0:00:00,"Sale",-1,,488,
883,19,3/16/2026 0:00:00,"Sale",-1,,489,
884,19,3/16/2026 0:00:00,"Sale",-1,,490,
885,20,3/16/2026 0:00:00,"Sale",-1,,491,
886,20,3/16/2026 0:00:00,"Sale",-1,,492,
887,21,3/17/2026 0:00:00,"Sale",-1,,493,
888,21,3/17/2026 0:00:00,"Sale",-1,,494,
889,22,3/17/2026 0:00:00,"Sale",-1,,495,
890,22,3/17/2026 0:00:00,"Sale",-1,,496,
891,23,3/17/2026 0:00:00,"Sale",-1,,497,
892,23,3/17/2026 0:00:00,"Sale",-1,,498,
893,24,3/18/2026 0:00:00,"Sale",-1,,499,
894,24,3/18/2026 0:00:00,"Sale",-1,,500,
895,25,3/18/2026 0:00:00,"Sale",-1,,501,
896,25,3/18/2026 0:00:00,"Sale",-1,,502,
897,26,3/18/2026 0:00:00,"Sale",-1,,503,
898,26,3/18/2026 0:00:00,"Sale",-1,,504,
899,27,3/19/2026 0:00:00,"Sale",-1,,505,
900,27,3/19/2026 0:00:00,"Sale",-1,,506,
901,28,3/19/2026 0:00:00,"Sale",-1,,507,
902,28,3/19/2026 0:00:00,"Sale",-1,,508,
903,29,3/19/2026 0:00:00,"Sale",-1,,509,
904,29,3/19/2026 0:00:00,"Sale",-1,,510,
905,30,3/19/2026 0:00:00,"Sale",-1,,511,
906,30,3/19/2026 0:00:00,"Sale",-1,,512,
907,31,3/20/2026 0:00:00,"Sale",-1,,513,
908,31,3/20/2026 0:00:00,"Sale",-1,,514,
909,32,3/20/2026 0:00:00,"Sale",-1,,515,
910,32,3/20/2026 0:00:00,"Sale",-1,,516,
911,33,3/20/2026 0:00:00,"Sale",-1,,517,
912,33,3/20/2026 0:00:00,"Sale",-1,,518,
913,34,3/21/2026 0:00:00,"Sale",-1,,519,
914,34,3/21/2026 0:00:00,"Sale",-1,,520,
915,35,3/21/2026 0:00:00,"Sale",-1,,521,
916,35,3/21/2026 0:00:00,"Sale",-1,,522,
917,36,3/21/2026 0:00:00,"Sale",-1,,523,
918,36,3/21/2026 0:00:00,"Sale",-1,,524,
919,37,3/22/2026 0:00:00,"Sale",-1,,525,
920,37,3/22/2026 0:00:00,"Sale",-1,,526,
921,38,3/22/2026 0:00:00,"Sale",-1,,527,
922,38,3/22/2026 0:00:00,"Sale",-1,,528,
923,39,3/22/2026 0:00:00,"Sale",-1,,529,
924,39,3/22/2026 0:00:00,"Sale",-1,,530,
925,40,3/22/2026 0:00:00,"Sale",-1,,531,
926,40,3/22/2026 0:00:00,"Sale",-1,,532,
927,41,3/23/2026 0:00:00,"Sale",-1,,533,
928,41,3/23/2026 0:00:00,"Sale",-1,,534,
929,42,3/23/2026 0:00:00,"Sale",-1,,535,
930,42,3/23/2026 0:00:00,"Sale",-1,,536,
931,43,3/23/2026 0:00:00,"Sale",-1,,537,
932,43,3/23/2026 0:00:00,"Sale",-1,,538,
933,44,3/24/2026 0:00:00,"Sale",-1,,539,
934,44,3/24/2026 0:00:00,"Sale",-1,,540,
935,45,3/24/2026 0:00:00,"Sale",-1,,541,
936,45,3/24/2026 0:00:00,"Sale",-1,,542,
937,46,3/24/2026 0:00:00,"Sale",-1,,543,
938,46,3/24/2026 0:00:00,"Sale",-1,,544,
939,47,3/25/2026 0:00:00,"Sale",-1,,545,
940,47,3/25/2026 0:00:00,"Sale",-1,,546,
941,48,3/25/2026 0:00:00,"Sale",-1,,547,
942,48,3/25/2026 0:00:00,"Sale",-1,,548,
943,49,3/25/2026 0:00:00,"Sale",-1,,549,
944,49,3/25/2026 0:00:00,"Sale",-1,,550,
945,50,3/25/2026 0:00:00,"Sale",-1,,551,
946,50,3/25/2026 0:00:00,"Sale",-1,,552,
947,51,3/26/2026 0:00:00,"Sale",-1,,553,
948,51,3/26/2026 0:00:00,"Sale",-1,,554,
949,52,3/26/2026 0:00:00,"Sale",-1,,555,
950,52,3/26/2026 0:00:00,"Sale",-1,,556,
951,53,3/26/2026 0:00:00,"Sale",-1,,557,
952,53,3/26/2026 0:00:00,"Sale",-1,,558,
953,54,3/27/2026 0:00:00,"Sale",-1,,559,
954,54,3/27/2026 0:00:00,"Sale",-1,,560,
955,55,3/27/2026 0:00:00,"Sale",-1,,561,
956,55,3/27/2026 0:00:00,"Sale",-1,,562,
957,56,3/27/2026 0:00:00,"Sale",-1,,563,
958,56,3/27/2026 0:00:00,"Sale",-1,,564,
959,57,3/28/2026 0:00:00,"Sale",-1,,565,
960,57,3/28/2026 0:00:00,"Sale",-1,,566,
961,2,3/28/2026 0:00:00,"Sale",-1,,567,
962,2,3/28/2026 0:00:00,"Sale",-1,,568,
963,4,3/28/2026 0:00:00,"Sale",-1,,569,
964,4,3/28/2026 0:00:00,"Sale",-1,,570,
965,6,3/29/2026 0:00:00,"Sale",-1,,571,
966,6,3/29/2026 0:00:00,"Sale",-1,,572,
967,9,3/29/2026 0:00:00,"Sale",-1,,573,
968,9,3/29/2026 0:00:00,"Sale",-1,,574,
969,10,3/29/2026 0:00:00,"Sale",-1,,575,
970,10,3/29/2026 0:00:00,"Sale",-1,,576,
971,11,3/29/2026 0:00:00,"Sale",-1,,577,
972,11,3/29/2026 0:00:00,"Sale",-1,,578,
973,12,3/30/2026 0:00:00,"Sale",-1,,579,
974,12,3/30/2026 0:00:00,"Sale",-1,,580,
975,13,3/30/2026 0:00:00,"Sale",-1,,581,
976,13,3/30/2026 0:00:00,"Sale",-1,,582,
977,14,3/30/2026 0:00:00,"Sale",-1,,583,
978,14,3/30/2026 0:00:00,"Sale",-1,,584,
979,15,3/31/2026 0:00:00,"Sale",-1,,585,
980,15,3/31/2026 0:00:00,"Sale",-1,,586,
981,16,3/31/2026 0:00:00,"Sale",-1,,587,
982,16,3/31/2026 0:00:00,"Sale",-1,,588,
983,17,3/31/2026 0:00:00,"Sale",-1,,589,
984,17,3/31/2026 0:00:00,"Sale",-1,,590,
985,18,4/1/2026 0:00:00,"Sale",-1,,591,
986,18,4/1/2026 0:00:00,"Sale",-1,,592,
987,19,4/1/2026 0:00:00,"Sale",-1,,593,
988,19,4/1/2026 0:00:00,"Sale",-1,,594,
989,20,4/1/2026 0:00:00,"Sale",-1,,595,
990,20,4/1/2026 0:00:00,"Sale",-1,,596,
991,21,4/1/2026 0:00:00,"Sale",-1,,597,
992,21,4/1/2026 0:00:00,"Sale",-1,,598,
993,22,4/2/2026 0:00:00,"Sale",-1,,599,
994,22,4/2/2026 0:00:00,"Sale",-1,,600,
995,23,4/2/2026 0:00:00,"Sale",-1,,601,
996,23,4/2/2026 0:00:00,"Sale",-1,,602,
997,24,4/2/2026 0:00:00,"Sale",-1,,603,
998,24,4/2/2026 0:00:00,"Sale",-1,,604,
999,25,4/3/2026 0:00:00,"Sale",-1,,605,
1000,25,4/3/2026 0:00:00,"Sale",-1,,606,
1001,26,4/3/2026 0:00:00,"Sale",-1,,607,
1002,26,4/3/2026 0:00:00,"Sale",-1,,608,
1003,27,4/3/2026 0:00:00,"Sale",-1,,609,
1004,27,4/3/2026 0:00:00,"Sale",-1,,610,
1005,28,4/4/2026 0:00:00,"Sale",-1,,611,
1006,28,4/4/2026 0:00:00,"Sale",-1,,612,
1007,29,4/4/2026 0:00:00,"Sale",-1,,613,
1008,29,4/4/2026 0:00:00,"Sale",-1,,614,
1009,30,4/4/2026 0:00:00,"Sale",-1,,615,
1010,30,4/4/2026 0:00:00,"Sale",-1,,616,
1011,31,4/5/2026 0:00:00,"Sale",-1,,617,
1012,31,4/5/2026 0:00:00,"Sale",-1,,618,
1013,32,4/5/2026 0:00:00,"Sale",-1,,619,
1014,32,4/5/2026 0:00:00,"Sale",-1,,620,
1015,33,4/5/2026 0:00:00,"Sale",-1,,621,
1016,33,4/5/2026 0:00:00,"Sale",-1,,622,
1017,34,4/5/2026 0:00:00,"Sale",-1,,623,
1018,34,4/5/2026 0:00:00,"Sale",-1,,624,
1019,35,4/6/2026 0:00:00,"Sale",-1,,625,
1020,35,4/6/2026 0:00:00,"Sale",-1,,626,
1021,36,4/6/2026 0:00:00,"Sale",-1,,627,
1022,36,4/6/2026 0:00:00,"Sale",-1,,628,
1023,37,4/6/2026 0:00:00,"Sale",-1,,629,
1024,37,4/6/2026 0:00:00,"Sale",-1,,630,
1025,38,4/7/2026 0:00:00,"Sale",-1,,631,
1026,38,4/7/2026 0:00:00,"Sale",-1,,632,
1027,39,4/7/2026 0:00:00,"Sale",-1,,633,
1028,39,4/7/2026 0:00:00,"Sale",-1,,634,
1029,40,4/7/2026 0:00:00,"Sale",-1,,635,
1030,40,4/7/2026 0:00:00,"Sale",-1,,636,
1031,41,4/8/2026 0:00:00,"Sale",-1,,637,
1032,41,4/8/2026 0:00:00,"Sale",-1,,638,
1033,42,4/8/2026 0:00:00,"Sale",-1,,639,
1034,42,4/8/2026 0:00:00,"Sale",-1,,640,
1035,43,4/8/2026 0:00:00,"Sale",-1,,641,
1036,43,4/8/2026 0:00:00,"Sale",-1,,642,
1037,44,4/8/2026 0:00:00,"Sale",-1,,643,
1038,44,4/8/2026 0:00:00,"Sale",-1,,644,
1039,45,4/9/2026 0:00:00,"Sale",-1,,645,
1040,45,4/9/2026 0:00:00,"Sale",-1,,646,
1041,46,4/9/2026 0:00:00,"Sale",-1,,647,
1042,46,4/9/2026 0:00:00,"Sale",-1,,648,
1043,47,4/9/2026 0:00:00,"Sale",-1,,649,
1044,47,4/9/2026 0:00:00,"Sale",-1,,650,
1045,48,4/10/2026 0:00:00,"Sale",-1,,651,
1046,48,4/10/2026 0:00:00,"Sale",-1,,652,
1047,49,4/10/2026 0:00:00,"Sale",-1,,653,
1048,49,4/10/2026 0:00:00,"Sale",-1,,654,
1049,50,4/10/2026 0:00:00,"Sale",-1,,655,
1050,50,4/10/2026 0:00:00,"Sale",-1,,656,
1051,51,4/11/2026 0:00:00,"Sale",-1,,657,
1052,51,4/11/2026 0:00:00,"Sale",-1,,658,
1053,52,4/11/2026 0:00:00,"Sale",-1,,659,
1054,52,4/11/2026 0:00:00,"Sale",-1,,660,
1055,53,4/11/2026 0:00:00,"Sale",-1,,661,
1056,53,4/11/2026 0:00:00,"Sale",-1,,662,
1057,54,4/11/2026 0:00:00,"Sale",-1,,663,
1058,54,4/11/2026 0:00:00,"Sale",-1,,664,
1059,55,4/12/2026 0:00:00,"Sale",-1,,665,
1060,55,4/12/2026 0:00:00,"Sale",-1,,666,
1061,56,4/12/2026 0:00:00,"Sale",-1,,667,
1062,56,4/12/2026 0:00:00,"Sale",-1,,668,
1063,2,4/12/2026 0:00:00,"Sale",-1,,669,
1064,2,4/12/2026 0:00:00,"Sale",-1,,670,
1065,9,4/13/2026 0:00:00,"Sale",-1,,671,
1066,9,4/13/2026 0:00:00,"Sale",-1,,672,
1067,10,4/13/2026 0:00:00,"Sale",-1,,673,
1068,10,4/13/2026 0:00:00,"Sale",-1,,674,
1069,11,4/13/2026 0:00:00,"Sale",-1,,675,
1070,11,4/13/2026 0:00:00,"Sale",-1,,676,
1071,12,4/14/2026 0:00:00,"Sale",-1,,677,
1072,12,4/14/2026 0:00:00,"Sale",-1,,678,
1073,13,4/14/2026 0:00:00,"Sale",-1,,679,
1074,13,4/14/2026 0:00:00,"Sale",-1,,680,
1075,14,4/14/2026 0:00:00,"Sale",-1,,681,
1076,14,4/14/2026 0:00:00,"Sale",-1,,682,
1077,15,4/15/2026 0:00:00,"Sale",-1,,683,
1078,15,4/15/2026 0:00:00,"Sale",-1,,684,
1079,16,4/15/2026 0:00:00,"Sale",-1,,685,
1080,16,4/15/2026 0:00:00,"Sale",-1,,686,
1081,17,4/15/2026 0:00:00,"Sale",-1,,687,
1082,17,4/15/2026 0:00:00,"Sale",-1,,688,
1083,18,4/15/2026 0:00:00,"Sale",-1,,689,
1084,18,4/15/2026 0:00:00,"Sale",-1,,690,
1085,19,4/16/2026 0:00:00,"Sale",-1,,691,
1086,19,4/16/2026 0:00:00,"Sale",-1,,692,
1087,20,4/16/2026 0:00:00,"Sale",-1,,693,
1088,20,4/16/2026 0:00:00,"Sale",-1,,694,
1089,21,4/16/2026 0:00:00,"Sale",-1,,695,
1090,21,4/16/2026 0:00:00,"Sale",-1,,696,
1091,22,4/17/2026 0:00:00,"Sale",-1,,697,
1092,22,4/17/2026 0:00:00,"Sale",-1,,698,
1093,23,4/17/2026 0:00:00,"Sale",-1,,699,
1094,23,4/17/2026 0:00:00,"Sale",-1,,700,
1095,24,4/17/2026 0:00:00,"Sale",-1,,701,
1096,24,4/17/2026 0:00:00,"Sale",-1,,702,
1097,25,4/18/2026 0:00:00,"Sale",-1,,703,
1098,25,4/18/2026 0:00:00,"Sale",-1,,704,
1099,26,4/18/2026 0:00:00,"Sale",-1,,705,
1100,26,4/18/2026 0:00:00,"Sale",-1,,706,
1101,27,4/18/2026 0:00:00,"Sale",-1,,707,
1102,27,4/18/2026 0:00:00,"Sale",-1,,708,
1103,28,4/18/2026 0:00:00,"Sale",-1,,709,
1104,28,4/18/2026 0:00:00,"Sale",-1,,710,
1105,29,4/19/2026 0:00:00,"Sale",-1,,711,
1106,29,4/19/2026 0:00:00,"Sale",-1,,712,
1107,30,4/19/2026 0:00:00,"Sale",-1,,713,
1108,30,4/19/2026 0:00:00,"Sale",-1,,714,
1109,31,4/19/2026 0:00:00,"Sale",-1,,715,
1110,31,4/19/2026 0:00:00,"Sale",-1,,716,
1111,32,4/20/2026 0:00:00,"Sale",-1,,717,
1112,32,4/20/2026 0:00:00,"Sale",-1,,718,
1113,33,4/20/2026 0:00:00,"Sale",-1,,719,
1114,33,4/20/2026 0:00:00,"Sale",-1,,720,
1115,34,4/20/2026 0:00:00,"Sale",-2,,721,
1116,35,4/21/2026 0:00:00,"Sale",-2,,722,
1117,36,4/21/2026 0:00:00,"Sale",-2,,723,
1118,37,4/21/2026 0:00:00,"Sale",-2,,724,
1119,38,4/22/2026 0:00:00,"Sale",-2,,725,
1120,39,4/22/2026 0:00:00,"Sale",-2,,726,
1121,40,4/22/2026 0:00:00,"Sale",-2,,727,
1122,41,4/22/2026 0:00:00,"Sale",-2,,728,
1123,42,4/23/2026 0:00:00,"Sale",-2,,729,
1124,43,4/23/2026 0:00:00,"Sale",-2,,730,
1125,44,4/23/2026 0:00:00,"Sale",-2,,731,
1126,45,4/24/2026 0:00:00,"Sale",-2,,732,
1127,46,4/24/2026 0:00:00,"Sale",-2,,733,
1128,47,4/24/2026 0:00:00,"Sale",-2,,734,
1129,48,4/25/2026 0:00:00,"Sale",-2,,735,
1130,49,4/25/2026 0:00:00,"Sale",-2,,736,
1131,50,4/25/2026 0:00:00,"Sale",-2,,737,
1132,51,4/25/2026 0:00:00,"Sale",-2,,738,
1133,52,4/26/2026 0:00:00,"Sale",-2,,739,
1134,53,4/26/2026 0:00:00,"Sale",-2,,740,
1135,54,4/26/2026 0:00:00,"Sale",-2,,741,
1136,55,4/27/2026 0:00:00,"Sale",-2,,742,
1137,56,4/27/2026 0:00:00,"Sale",-2,,743,
1138,10,4/27/2026 0:00:00,"Sale",-2,,744,
1139,11,4/28/2026 0:00:00,"Sale",-2,,745,
1140,12,4/28/2026 0:00:00,"Sale",-2,,746,
1141,13,4/28/2026 0:00:00,"Sale",-2,,747,
1142,14,4/28/2026 0:00:00,"Sale",-2,,748,
1143,15,4/29/2026 0:00:00,"Sale",-2,,749,
1144,16,4/29/2026 0:00:00,"Sale",-2,,750,
1145,17,4/29/2026 0:00:00,"Sale",-2,,751,
1146,18,4/30/2026 0:00:00,"Sale",-2,,752,
1147,19,4/30/2026 0:00:00,"Sale",-2,,753,
1148,20,4/30/2026 0:00:00,"Sale",-2,,754,
1149,21,5/1/2026 0:00:00,"Sale",-2,,755,
1150,22,5/1/2026 0:00:00,"Sale",-2,,756,
1151,23,5/1/2026 0:00:00,"Sale",-2,,757,
1152,24,5/2/2026 0:00:00,"Sale",-2,,758,
1153,25,5/2/2026 0:00:00,"Sale",-2,,759,
1154,26,5/2/2026 0:00:00,"Sale",-2,,760,
1155,27,5/2/2026 0:00:00,"Sale",-2,,761,
1156,28,5/3/2026 0:00:00,"Sale",-2,,762,
1157,29,5/3/2026 0:00:00,"Sale",-2,,763,
1158,30,5/3/2026 0:00:00,"Sale",-2,,764,
1159,31,5/4/2026 0:00:00,"Sale",-2,,765,
1160,32,5/4/2026 0:00:00,"Sale",-2,,766,
1161,33,5/4/2026 0:00:00,"Sale",-2,,767,
1162,34,5/5/2026 0:00:00,"Sale",-2,,768,
1163,35,5/5/2026 0:00:00,"Sale",-2,,769,
1164,36,5/5/2026 0:00:00,"Sale",-2,,770,
1165,37,5/5/2026 0:00:00,"Sale",-2,,771,
1166,38,5/6/2026 0:00:00,"Sale",-2,,772,
1167,39,5/6/2026 0:00:00,"Sale",-2,,773,
1168,40,5/6/2026 0:00:00,"Sale",-2,,774,
1169,41,5/7/2026 0:00:00,"Sale",-2,,775,
1170,42,5/7/2026 0:00:00,"Sale",-2,,776,
1171,43,5/7/2026 0:00:00,"Sale",-2,,777,
1172,44,5/8/2026 0:00:00,"Sale",-2,,778,
1173,45,5/8/2026 0:00:00,"Sale",-2,,779,
1174,46,5/8/2026 0:00:00,"Sale",-2,,780,
1175,47,5/9/2026 0:00:00,"Sale",-2,,781,
1176,48,5/9/2026 0:00:00,"Sale",-2,,782,
1177,49,5/9/2026 0:00:00,"Sale",-2,,783,
1178,50,5/9/2026 0:00:00,"Sale",-2,,784,
1179,51,5/10/2026 0:00:00,"Sale",-2,,785,
1180,52,5/10/2026 0:00:00,"Sale",-2,,786,
1181,53,5/10/2026 0:00:00,"Sale",-2,,787,
1182,54,5/11/2026 0:00:00,"Sale",-2,,788,
1183,55,5/11/2026 0:00:00,"Sale",-2,,789,
1184,56,5/11/2026 0:00:00,"Sale",-2,,790,
1185,10,5/12/2026 0:00:00,"Sale",-2,,791,
1186,11,5/12/2026 0:00:00,"Sale",-2,,792,
1187,12,5/12/2026 0:00:00,"Sale",-2,,793,
1188,13,5/12/2026 0:00:00,"Sale",-2,,794,
1189,14,5/13/2026 0:00:00,"Sale",-2,,795,
1190,15,5/13/2026 0:00:00,"Sale",-2,,796,
1191,16,5/13/2026 0:00:00,"Sale",-2,,797,
1192,17,5/14/2026 0:00:00,"Sale",-2,,798,
1193,18,5/14/2026 0:00:00,"Sale",-2,,799,
1194,19,5/14/2026 0:00:00,"Sale",-2,,800,
1195,20,5/15/2026 0:00:00,"Sale",-2,,801,
1196,21,5/15/2026 0:00:00,"Sale",-2,,802,
1197,22,5/15/2026 0:00:00,"Sale",-2,,803,
1198,23,5/15/2026 0:00:00,"Sale",-2,,804,
1199,24,5/16/2026 0:00:00,"Sale",-2,,805,
1200,25,5/16/2026 0:00:00,"Sale",-2,,806,
1201,26,5/16/2026 0:00:00,"Sale",-2,,807,
1202,27,5/17/2026 0:00:00,"Sale",-2,,808,
1203,28,5/17/2026 0:00:00,"Sale",-2,,809,
1204,29,5/17/2026 0:00:00,"Sale",-2,,810,
1205,30,5/18/2026 0:00:00,"Sale",-2,,811,
1206,31,5/18/2026 0:00:00,"Sale",-2,,812,
1207,32,5/18/2026 0:00:00,"Sale",-2,,813,
1208,33,5/19/2026 0:00:00,"Sale",-2,,814,
1209,34,5/19/2026 0:00:00,"Sale",-2,,815,
1210,35,5/19/2026 0:00:00,"Sale",-2,,816,
1211,36,5/19/2026 0:00:00,"Sale",-2,,817,
1212,37,5/20/2026 0:00:00,"Sale",-2,,818,
1213,38,5/20/2026 0:00:00,"Sale",-2,,819,
1214,39,5/20/2026 0:00:00,"Sale",-2,,820,
1215,40,5/21/2026 0:00:00,"Sale",-2,,821,
1216,41,5/21/2026 0:00:00,"Sale",-2,,822,
1217,42,5/21/2026 0:00:00,"Sale",-2,,823,
1218,43,5/22/2026 0:00:00,"Sale",-2,,824,
1219,44,5/22/2026 0:00:00,"Sale",-2,,825,
1220,45,5/22/2026 0:00:00,"Sale",-2,,826,
1221,46,5/22/2026 0:00:00,"Sale",-2,,827,
1222,47,5/23/2026 0:00:00,"Sale",-2,,828,
1223,48,5/23/2026 0:00:00,"Sale",-2,,829,
1224,49,5/23/2026 0:00:00,"Sale",-2,,830,
1225,50,5/24/2026 0:00:00,"Sale",-2,,831,
1226,51,5/24/2026 0:00:00,"Sale",-2,,832,
1227,52,5/24/2026 0:00:00,"Sale",-2,,833,
1228,53,5/25/2026 0:00:00,"Sale",-2,,834,
1229,54,5/25/2026 0:00:00,"Sale",-2,,835,
1230,55,5/25/2026 0:00:00,"Sale",-2,,836,
1231,11,5/26/2026 0:00:00,"Sale",-2,,837,
1232,12,5/26/2026 0:00:00,"Sale",-2,,838,
1233,13,5/26/2026 0:00:00,"Sale",-2,,839,
1234,14,5/26/2026 0:00:00,"Sale",-2,,840,
1235,15,5/27/2026 0:00:00,"Sale",-2,,841,
1236,16,5/27/2026 0:00:00,"Sale",-2,,842,
1237,17,5/27/2026 0:00:00,"Sale",-2,,843,
1238,19,5/28/2026 0:00:00,"Sale",-2,,844,
1239,20,5/28/2026 0:00:00,"Sale",-2,,845,
1240,21,5/28/2026 0:00:00,"Sale",-2,,846,
1241,22,5/29/2026 0:00:00,"Sale",-2,,847,
1242,23,5/29/2026 0:00:00,"Sale",-2,,848,
1243,24,5/29/2026 0:00:00,"Sale",-2,,849,
1244,25,5/29/2026 0:00:00,"Sale",-2,,850,
1245,27,5/30/2026 0:00:00,"Sale",-2,,851,
1246,28,5/30/2026 0:00:00,"Sale",-2,,852,
1247,29,5/30/2026 0:00:00,"Sale",-2,,853,
1248,30,5/31/2026 0:00:00,"Sale",-2,,854,
1249,31,5/31/2026 0:00:00,"Sale",-2,,855,
1250,32,5/31/2026 0:00:00,"Sale",-2,,856,
1251,33,6/1/2026 0:00:00,"Sale",-2,,857,
1252,35,6/1/2026 0:00:00,"Sale",-2,,858,
1253,36,6/1/2026 0:00:00,"Sale",-2,,859,
1254,37,6/1/2026 0:00:00,"Sale",-2,,860,
1255,38,6/2/2026 0:00:00,"Sale",-2,,861,
1256,39,6/2/2026 0:00:00,"Sale",-2,,862,
1257,40,6/2/2026 0:00:00,"Sale",-2,,863,
1258,41,6/3/2026 0:00:00,"Sale",-2,,864,
1259,42,6/3/2026 0:00:00,"Sale",-2,,865,
1260,43,6/3/2026 0:00:00,"Sale",-2,,866,
1261,44,6/4/2026 0:00:00,"Sale",-2,,867,
1262,45,6/4/2026 0:00:00,"Sale",-2,,868,
1263,46,6/4/2026 0:00:00,"Sale",-2,,869,
1264,47,6/5/2026 0:00:00,"Sale",-2,,870,
1265,48,6/5/2026 0:00:00,"Sale",-2,,871,
1266,49,6/5/2026 0:00:00,"Sale",-2,,872,
1267,50,6/5/2026 0:00:00,"Sale",-2,,873,
1268,51,6/6/2026 0:00:00,"Sale",-2,,874,
1269,52,6/6/2026 0:00:00,"Sale",-2,,875,
1270,54,6/6/2026 0:00:00,"Sale",-2,,876,
1271,55,6/7/2026 0:00:00,"Sale",-2,,877,
1272,11,6/7/2026 0:00:00,"Sale",-2,,878,
1273,12,6/7/2026 0:00:00,"Sale",-2,,879,
1274,13,6/8/2026 0:00:00,"Sale",-2,,880,
1275,14,6/8/2026 0:00:00,"Sale",-2,,881,
1276,15,6/8/2026 0:00:00,"Sale",-2,,882,
1277,16,6/8/2026 0:00:00,"Sale",-2,,883,
1278,17,6/9/2026 0:00:00,"Sale",-2,,884,
1279,19,6/9/2026 0:00:00,"Sale",-2,,885,
1280,21,6/9/2026 0:00:00,"Sale",-2,,886,
1281,22,6/10/2026 0:00:00,"Sale",-2,,887,
1282,23,6/10/2026 0:00:00,"Sale",-2,,888,
1283,24,6/10/2026 0:00:00,"Sale",-2,,889,
1284,25,6/11/2026 0:00:00,"Sale",-2,,890,
1285,27,6/11/2026 0:00:00,"Sale",-2,,891,
1286,29,6/11/2026 0:00:00,"Sale",-2,,892,
1287,30,6/12/2026 0:00:00,"Sale",-2,,893,
1288,32,6/12/2026 0:00:00,"Sale",-2,,894,
1289,33,6/12/2026 0:00:00,"Sale",-2,,895,
1290,35,6/12/2026 0:00:00,"Sale",-2,,896,
1291,36,6/13/2026 0:00:00,"Sale",-2,,897,
1292,37,6/13/2026 0:00:00,"Sale",-2,,898,
1293,38,6/13/2026 0:00:00,"Sale",-2,,899,
1294,39,6/14/2026 0:00:00,"Sale",-2,,900,
1295,40,6/14/2026 0:00:00,"Sale",-2,,901,
1296,41,6/14/2026 0:00:00,"Sale",-2,,902,
1297,42,6/15/2026 0:00:00,"Sale",-2,,903,
1298,43,6/15/2026 0:00:00,"Sale",-2,,904,
1299,44,6/15/2026 0:00:00,"Sale",-2,,905,
1300,45,6/15/2026 0:00:00,"Sale",-2,,906,
1301,46,6/16/2026 0:00:00,"Sale",-2,,907,
1302,47,6/16/2026 0:00:00,"Sale",-2,,908,
1303,48,6/16/2026 0:00:00,"Sale",-1,,909,
1304,49,6/17/2026 0:00:00,"Sale",-1,,910,
1305,50,6/17/2026 0:00:00,"Sale",-1,,911,
1306,51,6/17/2026 0:00:00,"Sale",-1,,912,
1307,52,6/18/2026 0:00:00,"Sale",-1,,913,
1308,54,6/18/2026 0:00:00,"Sale",-1,,914,
1309,56,6/18/2026 0:00:00,"Sale",-1,,915,
1310,57,6/18/2026 0:00:00,"Sale",-1,,916,
1311,1,6/19/2026 0:00:00,"Sale",-1,,917,
1312,4,6/19/2026 0:00:00,"Sale",-1,,918,
1313,5,6/19/2026 0:00:00,"Sale",-1,,919,
1314,8,6/20/2026 0:00:00,"Sale",-1,,920,
1315,10,6/20/2026 0:00:00,"Sale",-1,,921,
1316,11,6/20/2026 0:00:00,"Sale",-1,,922,
1317,12,6/21/2026 0:00:00,"Sale",-1,,923,
1318,13,6/21/2026 0:00:00,"Sale",-1,,924,
1319,14,6/21/2026 0:00:00,"Sale",-1,,925,
1320,15,6/22/2026 0:00:00,"Sale",-1,,926,
1321,16,6/22/2026 0:00:00,"Sale",-1,,927,
1322,18,6/22/2026 0:00:00,"Sale",-1,,928,
1323,19,6/22/2026 0:00:00,"Sale",-1,,929,
1324,20,6/23/2026 0:00:00,"Sale",-1,,930,
1325,21,6/23/2026 0:00:00,"Sale",-1,,931,
1326,22,6/23/2026 0:00:00,"Sale",-1,,932,
1327,23,6/24/2026 0:00:00,"Sale",-1,,933,
1328,24,6/24/2026 0:00:00,"Sale",-1,,934,
1329,25,6/24/2026 0:00:00,"Sale",-1,,935,
1330,26,6/25/2026 0:00:00,"Sale",-1,,936,
1331,27,6/25/2026 0:00:00,"Sale",-1,,937,
1332,28,6/25/2026 0:00:00,"Sale",-1,,938,
1333,29,6/25/2026 0:00:00,"Sale",-1,,939,
1334,30,6/26/2026 0:00:00,"Sale",-1,,940,
1335,32,6/26/2026 0:00:00,"Sale",-1,,941,
1336,33,6/26/2026 0:00:00,"Sale",-1,,942,
1337,34,6/27/2026 0:00:00,"Sale",-1,,943,
1338,35,6/27/2026 0:00:00,"Sale",-1,,944,
1339,36,6/27/2026 0:00:00,"Sale",-1,,945,
1340,37,6/28/2026 0:00:00,"Sale",-1,,946,
1341,38,6/28/2026 0:00:00,"Sale",-1,,947,
1342,39,6/28/2026 0:00:00,"Sale",-1,,948,
1343,40,6/29/2026 0:00:00,"Sale",-1,,949,
1344,41,6/29/2026 0:00:00,"Sale",-1,,950,
1345,42,6/29/2026 0:00:00,"Sale",-1,,951,
1346,43,6/29/2026 0:00:00,"Sale",-1,,952,
1347,44,6/30/2026 0:00:00,"Sale",-1,,953,
1348,45,6/30/2026 0:00:00,"Sale",-1,,954,
1349,46,6/30/2026 0:00:00,"Sale",-1,,955,
1350,47,7/1/2026 0:00:00,"Sale",-1,,956,
1351,48,7/1/2026 0:00:00,"Sale",-1,,957,
1352,49,7/1/2026 0:00:00,"Sale",-1,,958,
1353,50,7/2/2026 0:00:00,"Sale",-1,,959,
1354,51,7/2/2026 0:00:00,"Sale",-1,,960,
1355,52,7/2/2026 0:00:00,"Sale",-1,,961,
1356,54,7/2/2026 0:00:00,"Sale",-1,,962,
1357,11,7/3/2026 0:00:00,"Sale",-1,,963,
1358,12,7/3/2026 0:00:00,"Sale",-1,,964,
1359,13,7/3/2026 0:00:00,"Sale",-1,,965,
1360,15,7/4/2026 0:00:00,"Sale",-1,,966,
1361,16,7/4/2026 0:00:00,"Sale",-1,,967,
1362,19,7/4/2026 0:00:00,"Sale",-1,,968,
1363,21,7/5/2026 0:00:00,"Sale",-1,,969,
1364,22,7/5/2026 0:00:00,"Sale",-1,,970,
1365,23,7/5/2026 0:00:00,"Sale",-1,,971,
1366,24,7/5/2026 0:00:00,"Sale",-1,,972,
1367,25,7/6/2026 0:00:00,"Sale",-1,,973,
1368,27,7/6/2026 0:00:00,"Sale",-1,,974,
1369,29,7/6/2026 0:00:00,"Sale",-1,,975,
1370,30,7/7/2026 0:00:00,"Sale",-1,,976,
1371,32,7/7/2026 0:00:00,"Sale",-1,,977,
1372,33,7/7/2026 0:00:00,"Sale",-1,,978,
1373,35,7/8/2026 0:00:00,"Sale",-1,,979,
1374,36,7/8/2026 0:00:00,"Sale",-1,,980,
1375,37,7/8/2026 0:00:00,"Sale",-1,,981,
1376,38,7/9/2026 0:00:00,"Sale",-1,,982,
1377,39,7/9/2026 0:00:00,"Sale",-1,,983,
1378,40,7/9/2026 0:00:00,"Sale",-1,,984,
1379,41,7/9/2026 0:00:00,"Sale",-1,,985,
1380,42,7/10/2026 0:00:00,"Sale",-1,,986,
1381,43,7/10/2026 0:00:00,"Sale",-1,,987,
1382,44,7/10/2026 0:00:00,"Sale",-1,,988,
1383,45,7/11/2026 0:00:00,"Sale",-1,,989,
1384,46,7/11/2026 0:00:00,"Sale",-1,,990,
1385,47,7/11/2026 0:00:00,"Sale",-1,,991,
1386,48,7/12/2026 0:00:00,"Sale",-1,,992,
1387,50,7/12/2026 0:00:00,"Sale",-1,,993,
1388,51,7/12/2026 0:00:00,"Sale",-1,,994,
1389,52,7/12/2026 0:00:00,"Sale",-1,,995,
1390,54,7/13/2026 0:00:00,"Sale",-1,,996,
1391,11,7/13/2026 0:00:00,"Sale",-1,,997,
1392,12,7/13/2026 0:00:00,"Sale",-1,,998,
1393,13,7/14/2026 0:00:00,"Sale",-1,,999,
1394,15,7/14/2026 0:00:00,"Sale",-1,,1000,
1395,16,7/14/2026 0:00:00,"Sale",-1,,1001,
1396,19,7/15/2026 0:00:00,"Sale",-1,,1002,
1397,21,7/15/2026 0:00:00,"Sale",-1,,1003,
1398,22,7/15/2026 0:00:00,"Sale",-1,,1004,
1399,23,7/16/2026 0:00:00,"Sale",-1,,1005,
1400,24,7/16/2026 0:00:00,"Sale",-1,,1006,
1401,25,7/16/2026 0:00:00,"Sale",-1,,1007,
1402,27,7/16/2026 0:00:00,"Sale",-1,,1008,
1403,29,7/17/2026 0:00:00,"Sale",-1,,1009,
1404,30,7/17/2026 0:00:00,"Sale",-1,,1010,
1405,32,7/17/2026 0:00:00,"Sale",-1,,1011,
1406,33,7/18/2026 0:00:00,"Sale",-1,,1012,
1407,35,7/18/2026 0:00:00,"Sale",-1,,1013,
1408,36,7/18/2026 0:00:00,"Sale",-1,,1014,
1409,37,7/19/2026 0:00:00,"Sale",-1,,1015,
1410,38,7/19/2026 0:00:00,"Sale",-1,,1016,
1411,39,7/19/2026 0:00:00,"Sale",-1,,1017,
1412,40,7/19/2026 0:00:00,"Sale",-1,,1018,
1413,41,7/20/2026 0:00:00,"Sale",-1,,1019,
1414,42,7/20/2026 0:00:00,"Sale",-1,,1020,
1415,43,7/20/2026 0:00:00,"Sale",-1,,1021,
1416,44,7/21/2026 0:00:00,"Sale",-1,,1022,
1417,45,7/21/2026 0:00:00,"Sale",-1,,1023,
1418,46,7/21/2026 0:00:00,"Sale",-1,,1024,
1419,47,7/22/2026 0:00:00,"Sale",-1,,1025,
1420,48,7/22/2026 0:00:00,"Sale",-1,,1026,
1421,50,7/22/2026 0:00:00,"Sale",-1,,1027,
1422,51,7/22/2026 0:00:00,"Sale",-1,,1028,
1423,52,7/23/2026 0:00:00,"Sale",-1,,1029,
1424,11,7/23/2026 0:00:00,"Sale",-1,,1030,
1425,12,7/23/2026 0:00:00,"Sale",-1,,1031,
1426,13,7/24/2026 0:00:00,"Sale",-1,,1032,
1427,15,7/24/2026 0:00:00,"Sale",-1,,1033,
1428,16,7/24/2026 0:00:00,"Sale",-1,,1034,
1429,19,7/25/2026 0:00:00,"Sale",-1,,1035,
1430,21,7/25/2026 0:00:00,"Sale",-1,,1036,
1431,22,7/25/2026 0:00:00,"Sale",-1,,1037,
1432,23,7/26/2026 0:00:00,"Sale",-1,,1038,
1433,24,7/26/2026 0:00:00,"Sale",-1,,1039,
1434,25,7/26/2026 0:00:00,"Sale",-1,,1040,
1435,27,7/26/2026 0:00:00,"Sale",-1,,1041,
1436,29,7/27/2026 0:00:00,"Sale",-1,,1042,
1437,30,7/27/2026 0:00:00,"Sale",-1,,1043,
1438,32,7/27/2026 0:00:00,"Sale",-1,,1044,
1439,33,7/28/2026 0:00:00,"Sale",-1,,1045,
1440,35,7/28/2026 0:00:00,"Sale",-1,,1046,
1441,36,7/28/2026 0:00:00,"Sale",-1,,1047,
1442,37,7/29/2026 0:00:00,"Sale",-1,,1048,
1443,38,7/29/2026 0:00:00,"Sale",-1,,1049,
1444,39,7/29/2026 0:00:00,"Sale",-1,,1050,
1445,40,7/29/2026 0:00:00,"Sale",-1,,1051,
1446,41,7/30/2026 0:00:00,"Sale",-1,,1052,
1447,42,7/30/2026 0:00:00,"Sale",-1,,1053,
1448,43,7/30/2026 0:00:00,"Sale",-1,,1054,
1449,44,7/31/2026 0:00:00,"Sale",-1,,1055,
1450,45,7/31/2026 0:00:00,"Sale",-1,,1056,
1451,46,7/31/2026 0:00:00,"Sale",-1,,1057,
1452,47,8/1/2026 0:00:00,"Sale",-1,,1058,
1453,48,8/1/2026 0:00:00,"Sale",-1,,1059,
1454,50,8/1/2026 0:00:00,"Sale",-1,,1060,
1455,51,8/2/2026 0:00:00,"Sale",-1,,1061,
1456,52,8/2/2026 0:00:00,"Sale",-1,,1062,
1457,11,8/2/2026 0:00:00,"Sale",-1,,1063,
1458,12,8/2/2026 0:00:00,"Sale",-1,,1064,
1459,13,8/3/2026 0:00:00,"Sale",-1,,1065,
1460,15,8/3/2026 0:00:00,"Sale",-1,,1066,
1461,16,8/3/2026 0:00:00,"Sale",-1,,1067,
1462,19,8/4/2026 0:00:00,"Sale",-1,,1068,
1463,21,8/4/2026 0:00:00,"Sale",-1,,1069,
1464,22,8/4/2026 0:00:00,"Sale",-1,,1070,
1465,23,8/5/2026 0:00:00,"Sale",-1,,1071,
1466,24,8/5/2026 0:00:00,"Sale",-1,,1072,
1467,25,8/5/2026 0:00:00,"Sale",-1,,1073,
1468,27,8/5/2026 0:00:00,"Sale",-1,,1074,
1469,29,8/6/2026 0:00:00,"Sale",-1,,1075,
1470,30,8/6/2026 0:00:00,"Sale",-1,,1076,
1471,32,8/6/2026 0:00:00,"Sale",-1,,1077,
1472,33,8/7/2026 0:00:00,"Sale",-1,,1078,
1473,35,8/7/2026 0:00:00,"Sale",-1,,1079,
1474,36,8/7/2026 0:00:00,"Sale",-1,,1080,
1475,37,8/8/2026 0:00:00,"Sale",-1,,1081,
1476,38,8/8/2026 0:00:00,"Sale",-1,,1082,
1477,39,8/8/2026 0:00:00,"Sale",-1,,1083,
1478,40,8/8/2026 0:00:00,"Sale",-1,,1084,
1479,41,8/9/2026 0:00:00,"Sale",-1,,1085,
1480,42,8/9/2026 0:00:00,"Sale",-1,,1086,
1481,43,8/9/2026 0:00:00,"Sale",-1,,1087,
1482,44,8/10/2026 0:00:00,"Sale",-1,,1088,
1483,45,8/10/2026 0:00:00,"Sale",-1,,1089,
1484,46,8/10/2026 0:00:00,"Sale",-1,,1090,
1485,47,8/11/2026 0:00:00,"Sale",-1,,1091,
1486,48,8/11/2026 0:00:00,"Sale",-1,,1092,
1487,50,8/11/2026 0:00:00,"Sale",-1,,1093,
1488,51,8/12/2026 0:00:00,"Sale",-1,,1094,
1489,52,8/12/2026 0:00:00,"Sale",-1,,1095,
1490,11,8/12/2026 0:00:00,"Sale",-1,,1096,
1491,12,8/12/2026 0:00:00,"Sale",-1,,1097,
1492,13,8/13/2026 0:00:00,"Sale",-1,,1098,
1493,15,8/13/2026 0:00:00,"Sale",-1,,1099,
1494,16,8/13/2026 0:00:00,"Sale",-1,,1100,
1495,19,8/14/2026 0:00:00,"Sale",-1,,1101,
1496,21,8/14/2026 0:00:00,"Sale",-1,,1102,
1497,22,8/14/2026 0:00:00,"Sale",-1,,1103,
1498,23,8/15/2026 0:00:00,"Sale",-1,,1104,
1499,24,8/15/2026 0:00:00,"Sale",-1,,1105,
1500,25,8/15/2026 0:00:00,"Sale",-1,,1106,
1501,27,8/15/2026 0:00:00,"Sale",-1,,1107,
1502,29,8/16/2026 0:00:00,"Sale",-1,,1108,
1503,30,8/16/2026 0:00:00,"Sale",-1,,1109,
1504,32,8/16/2026 0:00:00,"Sale",-1,,1110,
1505,33,8/17/2026 0:00:00,"Sale",-1,,1111,
1506,35,8/17/2026 0:00:00,"Sale",-1,,1112,
1507,36,8/17/2026 0:00:00,"Sale",-1,,1113,
1508,37,8/18/2026 0:00:00,"Sale",-1,,1114,
1509,38,8/18/2026 0:00:00,"Sale",-1,,1115,
1510,39,8/18/2026 0:00:00,"Sale",-1,,1116,
1511,40,8/19/2026 0:00:00,"Sale",-1,,1117,
1512,41,8/19/2026 0:00:00,"Sale",-1,,1118,
1513,42,8/19/2026 0:00:00,"Sale",-1,,1119,
1514,43,8/19/2026 0:00:00,"Sale",-1,,1120,
1515,44,8/20/2026 0:00:00,"Sale",-1,,1121,
1516,45,8/20/2026 0:00:00,"Sale",-1,,1122,
1517,46,8/20/2026 0:00:00,"Sale",-1,,1123,
1518,47,8/21/2026 0:00:00,"Sale",-1,,1124,
1519,48,8/21/2026 0:00:00,"Sale",-1,,1125,
1520,50,8/21/2026 0:00:00,"Sale",-1,,1126,
1521,51,8/22/2026 0:00:00,"Sale",-1,,1127,
1522,52,8/22/2026 0:00:00,"Sale",-1,,1128,
1523,11,8/22/2026 0:00:00,"Sale",-1,,1129,
1524,12,8/22/2026 0:00:00,"Sale",-1,,1130,
1525,13,8/23/2026 0:00:00,"Sale",-1,,1131,
1526,15,8/23/2026 0:00:00,"Sale",-1,,1132,
1527,16,8/23/2026 0:00:00,"Sale",-1,,1133,
1528,19,8/24/2026 0:00:00,"Sale",-1,,1134,
1529,21,8/24/2026 0:00:00,"Sale",-1,,1135,
1530,22,8/24/2026 0:00:00,"Sale",-1,,1136,
1531,23,8/25/2026 0:00:00,"Sale",-1,,1137,
1532,24,8/25/2026 0:00:00,"Sale",-1,,1138,
1533,25,8/25/2026 0:00:00,"Sale",-1,,1139,
1534,27,8/25/2026 0:00:00,"Sale",-1,,1140,
1535,29,8/26/2026 0:00:00,"Sale",-1,,1141,
1536,30,8/26/2026 0:00:00,"Sale",-1,,1142,
1537,32,8/26/2026 0:00:00,"Sale",-1,,1143,
1538,33,8/27/2026 0:00:00,"Sale",-1,,1144,
1539,35,8/27/2026 0:00:00,"Sale",-1,,1145,
1540,36,8/27/2026 0:00:00,"Sale",-1,,1146,
1541,37,8/28/2026 0:00:00,"Sale",-1,,1147,
1542,38,8/28/2026 0:00:00,"Sale",-1,,1148,
1543,39,8/28/2026 0:00:00,"Sale",-1,,1149,
1544,40,8/29/2026 0:00:00,"Sale",-1,,1150,
1545,41,8/29/2026 0:00:00,"Sale",-1,,1151,
1546,42,8/29/2026 0:00:00,"Sale",-1,,1152,
1547,43,8/29/2026 0:00:00,"Sale",-1,,1153,
1548,44,8/30/2026 0:00:00,"Sale",-1,,1154,
1549,45,8/30/2026 0:00:00,"Sale",-1,,1155,
1550,46,8/30/2026 0:00:00,"Sale",-1,,1156,
1551,47,8/31/2026 0:00:00,"Sale",-1,,1157,
1552,48,8/31/2026 0:00:00,"Sale",-1,,1158,
1553,50,8/31/2026 0:00:00,"Sale",-1,,1159,
1554,51,9/1/2026 0:00:00,"Sale",-1,,1160,
1555,52,9/1/2026 0:00:00,"Sale",-1,,1161,
1556,11,9/1/2026 0:00:00,"Sale",-1,,1162,
1557,12,9/1/2026 0:00:00,"Sale",-1,,1163,
1558,13,9/2/2026 0:00:00,"Sale",-1,,1164,
1559,15,9/2/2026 0:00:00,"Sale",-1,,1165,
1560,16,9/2/2026 0:00:00,"Sale",-1,,1166,
1561,19,9/3/2026 0:00:00,"Sale",-1,,1167,
1562,21,9/3/2026 0:00:00,"Sale",-1,,1168,
1563,22,9/3/2026 0:00:00,"Sale",-1,,1169,
1564,23,9/4/2026 0:00:00,"Sale",-1,,1170,
1565,24,9/4/2026 0:00:00,"Sale",-1,,1171,
1566,25,9/4/2026 0:00:00,"Sale",-1,,1172,
1567,27,9/5/2026 0:00:00,"Sale",-1,,1173,
1568,29,9/5/2026 0:00:00,"Sale",-1,,1174,
1569,30,9/5/2026 0:00:00,"Sale",-1,,1175,
1570,32,9/5/2026 0:00:00,"Sale",-1,,1176,
1571,33,9/6/2026 0:00:00,"Sale",-1,,1177,
1572,35,9/6/2026 0:00:00,"Sale",-1,,1178,
1573,36,9/6/2026 0:00:00,"Sale",-1,,1179,
1574,37,9/7/2026 0:00:00,"Sale",-1,,1180,
1575,38,9/7/2026 0:00:00,"Sale",-1,,1181,
1576,39,9/7/2026 0:00:00,"Sale",-1,,1182,
1577,40,9/8/2026 0:00:00,"Sale",-1,,1183,
1578,41,9/8/2026 0:00:00,"Sale",-1,,1184,
1579,42,9/8/2026 0:00:00,"Sale",-1,,1185,
1580,43,9/8/2026 0:00:00,"Sale",-1,,1186,
1581,44,9/9/2026 0:00:00,"Sale",-1,,1187,
1582,45,9/9/2026 0:00:00,"Sale",-1,,1188,
1583,46,9/9/2026 0:00:00,"Sale",-1,,1189,
1584,47,9/10/2026 0:00:00,"Sale",-1,,1190,
1585,48,9/10/2026 0:00:00,"Sale",-1,,1191,
1586,50,9/10/2026 0:00:00,"Sale",-1,,1192,
1587,51,9/11/2026 0:00:00,"Sale",-1,,1193,
1588,52,9/11/2026 0:00:00,"Sale",-1,,1194,
1589,11,9/11/2026 0:00:00,"Sale",-1,,1195,
1590,12,9/11/2026 0:00:00,"Sale",-1,,1196,
1591,13,9/12/2026 0:00:00,"Sale",-1,,1197,
1592,15,9/12/2026 0:00:00,"Sale",-1,,1198,
1593,19,9/12/2026 0:00:00,"Sale",-1,,1199,
1594,21,9/13/2026 0:00:00,"Sale",-1,,1200,
1595,22,9/13/2026 0:00:00,"Sale",-1,,1201,
1596,23,9/13/2026 0:00:00,"Sale",-1,,1202,
1597,24,9/14/2026 0:00:00,"Sale",-1,,1203,
1598,25,9/14/2026 0:00:00,"Sale",-1,,1204,
1599,27,9/14/2026 0:00:00,"Sale",-1,,1205,
1600,29,9/15/2026 0:00:00,"Sale",-1,,1206,
1601,30,9/15/2026 0:00:00,"Sale",-1,,1207,
1602,33,9/15/2026 0:00:00,"Sale",-1,,1208,
1603,35,9/15/2026 0:00:00,"Sale",-1,,1209,
1604,36,9/16/2026 0:00:00,"Sale",-1,,1210,
1605,37,9/16/2026 0:00:00,"Sale",-1,,1211,
1606,38,9/16/2026 0:00:00,"Sale",-1,,1212,
1607,39,9/17/2026 0:00:00,"Sale",-1,,1213,
1608,40,9/17/2026 0:00:00,"Sale",-1,,1214,
1609,41,9/17/2026 0:00:00,"Sale",-1,,1215,
1610,42,9/18/2026 0:00:00,"Sale",-1,,1216,
1611,43,9/18/2026 0:00:00,"Sale",-1,,1217,
1612,44,9/18/2026 0:00:00,"Sale",-1,,1218,
1613,45,9/18/2026 0:00:00,"Sale",-1,,1219,
1614,46,9/19/2026 0:00:00,"Sale",-1,,1220,
1615,47,9/19/2026 0:00:00,"Sale",-1,,1221,
1616,48,9/19/2026 0:00:00,"Sale",-1,,1222,
1617,50,9/20/2026 0:00:00,"Sale",-1,,1223,
1618,51,9/20/2026 0:00:00,"Sale",-1,,1224,
1619,52,9/20/2026 0:00:00,"Sale",-1,,1225,
1620,11,9/21/2026 0:00:00,"Sale",-1,,1226,
1621,12,9/21/2026 0:00:00,"Sale",-1,,1227,
1622,13,9/21/2026 0:00:00,"Sale",-1,,1228,
1623,15,9/22/2026 0:00:00,"Sale",-1,,1229,
1624,19,9/22/2026 0:00:00,"Sale",-1,,1230,
1625,21,9/22/2026 0:00:00,"Sale",-1,,1231,
1626,22,9/22/2026 0:00:00,"Sale",-1,,1232,
1627,24,9/23/2026 0:00:00,"Sale",-1,,1233,
1628,25,9/23/2026 0:00:00,"Sale",-1,,1234,
1629,27,9/23/2026 0:00:00,"Sale",-1,,1235,
1630,29,9/24/2026 0:00:00,"Sale",-1,,1236,
1631,30,9/24/2026 0:00:00,"Sale",-1,,1237,
1632,33,9/24/2026 0:00:00,"Sale",-1,,1238,
1633,35,9/25/2026 0:00:00,"Sale",-1,,1239,
1634,36,9/25/2026 0:00:00,"Sale",-1,,1240,
1635,37,9/25/2026 0:00:00,"Sale",-1,,1241,
1636,38,9/25/2026 0:00:00,"Sale",-1,,1242,
1637,40,9/26/2026 0:00:00,"Sale",-1,,1243,
1638,41,9/26/2026 0:00:00,"Sale",-1,,1244,
1639,42,9/26/2026 0:00:00,"Sale",-1,,1245,
1640,43,9/27/2026 0:00:00,"Sale",-1,,1246,
1641,44,9/27/2026 0:00:00,"Sale",-1,,1247,
1642,45,9/27/2026 0:00:00,"Sale",-1,,1248,
1643,46,9/28/2026 0:00:00,"Sale",-1,,1249,
1644,47,9/28/2026 0:00:00,"Sale",-1,,1250,
1645,50,9/28/2026 0:00:00,"Sale",-1,,1251,
1646,51,9/28/2026 0:00:00,"Sale",-1,,1252,
1647,52,9/29/2026 0:00:00,"Sale",-1,,1253,
1648,11,9/29/2026 0:00:00,"Sale",-1,,1254,
1649,12,9/29/2026 0:00:00,"Sale",-1,,1255,
1650,13,9/30/2026 0:00:00,"Sale",-1,,1256,
1651,15,9/30/2026 0:00:00,"Sale",-1,,1257,
1652,19,9/30/2026 0:00:00,"Sale",-1,,1258,
1653,21,10/1/2026 0:00:00,"Sale",-1,,1259,
1654,22,10/1/2026 0:00:00,"Sale",-1,,1260,
1655,24,10/1/2026 0:00:00,"Sale",-1,,1261,
1656,25,10/2/2026 0:00:00,"Sale",-1,,1262,
1657,27,10/2/2026 0:00:00,"Sale",-1,,1263,
1658,29,10/2/2026 0:00:00,"Sale",-1,,1264,
1659,33,10/2/2026 0:00:00,"Sale",-1,,1265,
1660,35,10/3/2026 0:00:00,"Sale",-1,,1266,
1661,36,10/3/2026 0:00:00,"Sale",-1,,1267,
1662,37,10/3/2026 0:00:00,"Sale",-1,,1268,
1663,38,10/4/2026 0:00:00,"Sale",-1,,1269,
1664,40,10/4/2026 0:00:00,"Sale",-1,,1270,
1665,41,10/4/2026 0:00:00,"Sale",-1,,1271,
1666,42,10/5/2026 0:00:00,"Sale",-1,,1272,
1667,43,10/5/2026 0:00:00,"Sale",-1,,1273,
1668,44,10/5/2026 0:00:00,"Sale",-1,,1274,
1669,45,10/5/2026 0:00:00,"Sale",-1,,1275,
1670,47,10/6/2026 0:00:00,"Sale",-1,,1276,
1671,50,10/6/2026 0:00:00,"Sale",-1,,1277,
1672,51,10/6/2026 0:00:00,"Sale",-1,,1278,
1673,52,10/7/2026 0:00:00,"Sale",-1,,1279,
1674,11,10/7/2026 0:00:00,"Sale",-1,,1280,
1675,12,10/7/2026 0:00:00,"Sale",-1,,1281,
1676,13,10/8/2026 0:00:00,"Sale",-1,,1282,
1677,15,10/8/2026 0:00:00,"Sale",-1,,1283,
1678,19,10/8/2026 0:00:00,"Sale",-1,,1284,
1679,22,10/9/2026 0:00:00,"Sale",-1,,1285,
1680,24,10/9/2026 0:00:00,"Sale",-1,,1286,
1681,25,10/9/2026 0:00:00,"Sale",-1,,1287,
1682,27,10/9/2026 0:00:00,"Sale",-1,,1288,
1683,29,10/10/2026 0:00:00,"Sale",-1,,1289,
1684,33,10/10/2026 0:00:00,"Sale",-1,,1290,
1685,35,10/10/2026 0:00:00,"Sale",-1,,1291,
1686,36,10/11/2026 0:00:00,"Sale",-1,,1292,
1687,38,10/11/2026 0:00:00,"Sale",-1,,1293,
1688,40,10/11/2026 0:00:00,"Sale",-1,,1294,
1689,41,10/12/2026 0:00:00,"Sale",-1,,1295,
1690,42,10/12/2026 0:00:00,"Sale",-1,,1296,
1691,43,10/12/2026 0:00:00,"Sale",-1,,1297,
1692,44,10/12/2026 0:00:00,"Sale",-1,,1298,
1693,45,10/13/2026 0:00:00,"Sale",-1,,1299,
1694,47,10/13/2026 0:00:00,"Sale",-1,,1300,
1695,50,10/13/2026 0:00:00,"Sale",-1,,1301,
1696,51,10/14/2026 0:00:00,"Sale",-1,,1302,
1697,52,10/14/2026 0:00:00,"Sale",-1,,1303,
1698,11,10/14/2026 0:00:00,"Sale",-1,,1304,
1699,13,10/15/2026 0:00:00,"Sale",-1,,1305,
1700,15,10/15/2026 0:00:00,"Sale",-1,,1306,
1701,19,10/15/2026 0:00:00,"Sale",-1,,1307,
1702,22,10/15/2026 0:00:00,"Sale",-1,,1308,
1703,24,10/16/2026 0:00:00,"Sale",-1,,1309,
1704,25,10/16/2026 0:00:00,"Sale",-1,,1310,
1705,27,10/16/2026 0:00:00,"Sale",-1,,1311,
1706,29,10/17/2026 0:00:00,"Sale",-1,,1312,
1707,33,10/17/2026 0:00:00,"Sale",-1,,1313,
1708,35,10/17/2026 0:00:00,"Sale",-1,,1314,
1709,36,10/18/2026 0:00:00,"Sale",-1,,1315,
1710,38,10/18/2026 0:00:00,"Sale",-1,,1316,
1711,40,10/18/2026 0:00:00,"Sale",-1,,1317,
1712,41,10/19/2026 0:00:00,"Sale",-1,,1318,
1713,42,10/19/2026 0:00:00,"Sale",-1,,1319,
1714,43,10/19/2026 0:00:00,"Sale",-1,,1320,
1715,45,10/19/2026 0:00:00,"Sale",-1,,1321,
1716,47,10/20/2026 0:00:00,"Sale",-1,,1322,
1717,50,10/20/2026 0:00:00,"Sale",-1,,1323,
1718,51,10/20/2026 0:00:00,"Sale",-1,,1324,
1719,52,10/21/2026 0:00:00,"Sale",-1,,1325,
1720,11,10/21/2026 0:00:00,"Sale",-1,,1326,
1721,13,10/21/2026 0:00:00,"Sale",-1,,1327,
1722,15,10/22/2026 0:00:00,"Sale",-1,,1328,
1723,22,10/22/2026 0:00:00,"Sale",-1,,1329,
1724,24,10/22/2026 0:00:00,"Sale",-1,,1330,
1725,25,10/22/2026 0:00:00,"Sale",-1,,1331,
1726,27,10/23/2026 0:00:00,"Sale",-1,,1332,
1727,29,10/23/2026 0:00:00,"Sale",-1,,1333,
1728,33,10/23/2026 0:00:00,"Sale",-1,,1334,
1729,36,10/24/2026 0:00:00,"Sale",-1,,1335,
1730,38,10/24/2026 0:00:00,"Sale",-1,,1336,
1731,40,10/24/2026 0:00:00,"Sale",-1,,1337,
1732,41,10/25/2026 0:00:00,"Sale",-1,,1338,
1733,42,10/25/2026 0:00:00,"Sale",-1,,1339,
1734,43,10/25/2026 0:00:00,"Sale",-1,,1340,
1735,45,10/26/2026 0:00:00,"Sale",-1,,1341,
1736,47,10/26/2026 0:00:00,"Sale",-1,,1342,
1737,50,10/26/2026 0:00:00,"Sale",-1,,1343,
1738,51,10/26/2026 0:00:00,"Sale",-1,,1344,
1739,52,10/27/2026 0:00:00,"Sale",-1,,1345,
1740,11,10/27/2026 0:00:00,"Sale",-1,,1346,
1741,13,10/27/2026 0:00:00,"Sale",-1,,1347,
1742,15,10/28/2026 0:00:00,"Sale",-1,,1348,
1743,22,10/28/2026 0:00:00,"Sale",-1,,1349,
1744,24,10/28/2026 0:00:00,"Sale",-1,,1350,
1745,25,10/29/2026 0:00:00,"Sale",-1,,1351,
1746,27,10/29/2026 0:00:00,"Sale",-1,,1352,
1747,29,10/29/2026 0:00:00,"Sale",-1,,1353,
1748,33,10/29/2026 0:00:00,"Sale",-1,,1354,
1749,36,10/30/2026 0:00:00,"Sale",-1,,1355,
1750,38,10/30/2026 0:00:00,"Sale",-1,,1356,
1751,40,10/30/2026 0:00:00,"Sale",-1,,1357,
1752,41,10/31/2026 0:00:00,"Sale",-1,,1358,
1753,43,10/31/2026 0:00:00,"Sale",-1,,1359,
1754,45,10/31/2026 0:00:00,"Sale",-1,,1360,
1755,47,11/1/2026 0:00:00,"Sale",-1,,1361,
1756,50,11/1/2026 0:00:00,"Sale",-1,,1362,
1757,52,11/1/2026 0:00:00,"Sale",-1,,1363,
1758,11,11/1/2026 0:00:00,"Sale",-1,,1364,
1759,13,11/2/2026 0:00:00,"Sale",-1,,1365,
1760,15,11/2/2026 0:00:00,"Sale",-1,,1366,
1761,22,11/2/2026 0:00:00,"Sale",-1,,1367,
1762,24,11/3/2026 0:00:00,"Sale",-1,,1368,
1763,25,11/3/2026 0:00:00,"Sale",-1,,1369,
1764,27,11/3/2026 0:00:00,"Sale",-1,,1370,
1765,29,11/4/2026 0:00:00,"Sale",-1,,1371,
1766,36,11/4/2026 0:00:00,"Sale",-1,,1372,
1767,38,11/4/2026 0:00:00,"Sale",-1,,1373,
1768,40,11/5/2026 0:00:00,"Sale",-1,,1374,
1769,41,11/5/2026 0:00:00,"Sale",-1,,1375,
1770,43,11/5/2026 0:00:00,"Sale",-1,,1376,
1771,45,11/5/2026 0:00:00,"Sale",-1,,1377,
1772,47,11/6/2026 0:00:00,"Sale",-1,,1378,
1773,50,11/6/2026 0:00:00,"Sale",-1,,1379,
1774,52,11/6/2026 0:00:00,"Sale",-1,,1380,
1775,11,11/7/2026 0:00:00,"Sale",-1,,1381,
1776,13,11/7/2026 0:00:00,"Sale",-1,,1382,
1777,15,11/7/2026 0:00:00,"Sale",-1,,1383,
1778,22,11/8/2026 0:00:00,"Sale",-1,,1384,
1779,25,11/8/2026 0:00:00,"Sale",-1,,1385,
1780,27,11/8/2026 0:00:00,"Sale",-1,,1386,
1781,29,11/8/2026 0:00:00,"Sale",-1,,1387,
1782,36,11/9/2026 0:00:00,"Sale",-1,,1388,
1783,38,11/9/2026 0:00:00,"Sale",-1,,1389,
1784,41,11/9/2026 0:00:00,"Sale",-1,,1390,
1785,43,11/10/2026 0:00:00,"Sale",-1,,1391,
1786,45,11/10/2026 0:00:00,"Sale",-1,,1392,
1787,47,11/10/2026 0:00:00,"Sale",-1,,1393,
1788,50,11/11/2026 0:00:00,"Sale",-1,,1394,
1789,52,11/11/2026 0:00:00,"Sale",-1,,1395,
1790,11,11/11/2026 0:00:00,"Sale",-1,,1396,
1791,13,11/12/2026 0:00:00,"Sale",-1,,1397,
1792,22,11/12/2026 0:00:00,"Sale",-1,,1398,
1793,25,11/12/2026 0:00:00,"Sale",-1,,1399,
1794,27,11/12/2026 0:00:00,"Sale",-1,,1400,
1795,29,11/13/2026 0:00:00,"Sale",-1,,1401,
1796,36,11/13/2026 0:00:00,"Sale",-1,,1402,
1797,38,11/13/2026 0:00:00,"Sale",-1,,1403,
1798,41,11/14/2026 0:00:00,"Sale",-1,,1404,
1799,43,11/14/2026 0:00:00,"Sale",-1,,1405,
1800,45,11/14/2026 0:00:00,"Sale",-1,,1406,
1801,50,11/15/2026 0:00:00,"Sale",-1,,1407,
1802,52,11/15/2026 0:00:00,"Sale",-1,,1408,
1803,11,11/15/2026 0:00:00,"Sale",-1,,1409,
1804,13,11/15/2026 0:00:00,"Sale",-1,,1410,
1805,25,11/16/2026 0:00:00,"Sale",-1,,1411,
1806,27,11/16/2026 0:00:00,"Sale",-1,,1412,
1807,29,11/16/2026 0:00:00,"Sale",-1,,1413,
1808,36,11/17/2026 0:00:00,"Sale",-1,,1414,
1809,41,11/17/2026 0:00:00,"Sale",-1,,1415,
1810,43,11/17/2026 0:00:00,"Sale",-1,,1416,
1811,45,11/18/2026 0:00:00,"Sale",-1,,1417,
1812,50,11/18/2026 0:00:00,"Sale",-1,,1418,
1813,52,11/18/2026 0:00:00,"Sale",-1,,1419,
1814,11,11/18/2026 0:00:00,"Sale",-1,,1420,
1815,25,11/19/2026 0:00:00,"Sale",-1,,1421,
1816,27,11/19/2026 0:00:00,"Sale",-1,,1422,
1817,36,11/19/2026 0:00:00,"Sale",-1,,1423,
1818,41,11/20/2026 0:00:00,"Sale",-1,,1424,
1819,43,11/20/2026 0:00:00,"Sale",-1,,1425,
1820,50,11/20/2026 0:00:00,"Sale",-1,,1426,
1821,52,11/21/2026 0:00:00,"Sale",-1,,1427,
1822,11,11/21/2026 0:00:00,"Sale",-1,,1428,
1823,25,11/21/2026 0:00:00,"Sale",-1,,1429,
1824,27,11/22/2026 0:00:00,"Sale",-1,,1430,
1825,41,11/22/2026 0:00:00,"Sale",-1,,1431,
1826,43,11/22/2026 0:00:00,"Sale",-1,,1432,
1827,50,11/22/2026 0:00:00,"Sale",-1,,1433,
1828,52,11/23/2026 0:00:00,"Sale",-1,,1434,
1829,25,11/23/2026 0:00:00,"Sale",-1,,1435,
1830,41,11/23/2026 0:00:00,"Sale",-1,,1436,
1831,50,11/24/2026 0:00:00,"Sale",-1,,1437,
1832,25,11/24/2026 0:00:00,"Sale",-1,,1438,
1833,41,11/24/2026 0:00:00,"Sale",-1,,1439,
1834,50,11/25/2026 0:00:00,"Sale",-1,,1440,
1835,31,2/14/2026 0:00:00,"Return",1,,289,
1836,12,5/12/2026 0:00:00,"Return",1,,793,
1837,52,9/20/2026 0:00:00,"Return",1,,1225,
