SaleID,CustomerID,EmployeeID,SaleDate,PaymentMethod,SaleStatus
1,81,2,7/2/2026 0:00,Credit Card,Completed
2,35,5,7/3/2026 0:00,Debit Card,Completed
3,52,2,7/3/2026 0:00,Debit Card,Completed
4,69,4,7/3/2026 0:00,Debit Card,Completed
5,86,1,7/4/2026 0:00,Debit Card,Completed
6,3,3,7/4/2026 0:00,Debit Card,Completed
7,20,5,7/4/2026 0:00,Debit Card,Completed
8,37,2,7/5/2026 0:00,Debit Card,Completed
9,54,4,7/5/2026 0:00,Debit Card,Completed
10,71,1,7/5/2026 0:00,Debit Card,Completed
11,88,3,7/5/2026 0:00,Debit Card,Completed
12,5,5,7/6/2026 0:00,Debit Card,Completed
13,22,2,7/6/2026 0:00,Debit Card,Completed
14,39,4,7/6/2026 0:00,Debit Card,Completed
15,56,1,7/7/2026 0:00,Debit Card,Completed
16,73,3,7/7/2026 0:00,Debit Card,Completed
17,90,5,7/7/2026 0:00,Debit Card,Completed
18,7,2,7/8/2026 0:00,Debit Card,Completed
19,24,4,7/8/2026 0:00,Debit Card,Completed
20,41,1,7/8/2026 0:00,Debit Card,Completed
21,58,3,7/9/2026 0:00,Debit Card,Completed
22,75,5,7/9/2026 0:00,Debit Card,Completed
23,92,2,7/9/2026 0:00,Debit Card,Completed
24,9,4,7/9/2026 0:00,Debit Card,Completed
25,26,1,7/10/2026 0:00,Debit Card,Completed
26,43,3,7/10/2026 0:00,Debit Card,Completed
27,60,5,7/10/2026 0:00,Debit Card,Completed
28,77,2,7/11/2026 0:00,Debit Card,Completed
29,94,4,7/11/2026 0:00,Debit Card,Completed
30,11,1,7/11/2026 0:00,Debit Card,Completed
31,28,3,7/12/2026 0:00,Debit Card,Completed
32,45,5,7/12/2026 0:00,Debit Card,Completed
33,62,2,7/12/2026 0:00,Debit Card,Completed
34,79,4,7/12/2026 0:00,Debit Card,Completed
35,96,1,7/13/2026 0:00,Debit Card,Completed
36,13,3,7/13/2026 0:00,Debit Card,Completed
37,30,5,7/13/2026 0:00,Debit Card,Completed
38,47,2,7/14/2026 0:00,Debit Card,Completed
39,64,4,7/14/2026 0:00,Debit Card,Completed
40,81,1,7/14/2026 0:00,Debit Card,Completed
41,98,3,7/15/2026 0:00,Debit Card,Completed
42,15,5,7/15/2026 0:00,Debit Card,Completed
43,32,2,7/15/2026 0:00,Debit Card,Completed
44,49,4,7/16/2026 0:00,Debit Card,Completed
45,66,1,7/16/2026 0:00,Debit Card,Completed
46,83,3,7/16/2026 0:00,Debit Card,Completed
47,100,5,7/16/2026 0:00,Debit Card,Completed
48,17,2,7/17/2026 0:00,Debit Card,Completed
49,34,4,7/17/2026 0:00,Debit Card,Completed
50,51,1,7/17/2026 0:00,Debit Card,Completed
51,68,3,7/18/2026 0:00,Debit Card,Completed
52,85,5,7/18/2026 0:00,Debit Card,Completed
53,2,2,7/18/2026 0:00,Debit Card,Completed
54,19,4,7/19/2026 0:00,Debit Card,Completed
55,36,1,7/19/2026 0:00,Debit Card,Completed
56,53,3,7/19/2026 0:00,Debit Card,Completed
57,70,5,7/19/2026 0:00,Debit Card,Completed
58,87,2,7/20/2026 0:00,Debit Card,Completed
59,4,4,7/20/2026 0:00,Debit Card,Completed
60,21,1,7/20/2026 0:00,Debit Card,Completed
61,38,3,7/21/2026 0:00,Debit Card,Completed
62,55,5,7/21/2026 0:00,Debit Card,Completed
63,72,2,7/21/2026 0:00,Debit Card,Completed
64,89,4,7/22/2026 0:00,Debit Card,Completed
65,6,1,7/22/2026 0:00,Debit Card,Completed
66,23,3,7/22/2026 0:00,Debit Card,Completed
67,40,5,7/22/2026 0:00,Debit Card,Completed
68,57,2,7/23/2026 0:00,Debit Card,Completed
69,74,4,7/23/2026 0:00,Debit Card,Completed
70,91,1,7/23/2026 0:00,Debit Card,Completed
71,8,3,7/24/2026 0:00,Debit Card,Completed
72,25,5,7/24/2026 0:00,Debit Card,Completed
73,42,2,7/24/2026 0:00,Debit Card,Completed
74,59,4,7/25/2026 0:00,Debit Card,Completed
75,76,1,7/25/2026 0:00,Debit Card,Completed
76,93,3,7/25/2026 0:00,Debit Card,Completed
77,10,5,7/26/2026 0:00,Debit Card,Completed
78,27,2,7/26/2026 0:00,Debit Card,Completed
79,44,4,7/26/2026 0:00,Debit Card,Completed
80,61,1,7/26/2026 0:00,Debit Card,Completed
81,78,3,7/27/2026 0:00,Debit Card,Completed
82,95,5,7/27/2026 0:00,Debit Card,Completed
83,12,2,7/27/2026 0:00,Debit Card,Completed
84,29,4,7/28/2026 0:00,Debit Card,Completed
85,46,1,7/28/2026 0:00,Debit Card,Completed
86,63,3,7/28/2026 0:00,Debit Card,Completed
87,80,5,7/29/2026 0:00,Debit Card,Completed
88,97,2,7/29/2026 0:00,Debit Card,Completed
89,14,4,7/29/2026 0:00,Debit Card,Completed
90,31,1,7/29/2026 0:00,Debit Card,Completed
91,48,3,7/30/2026 0:00,Debit Card,Completed
92,65,5,7/30/2026 0:00,Debit Card,Completed
93,82,2,7/30/2026 0:00,Debit Card,Completed
94,99,4,7/31/2026 0:00,Debit Card,Completed
95,16,1,7/31/2026 0:00,Debit Card,Completed
96,33,3,7/31/2026 0:00,Debit Card,Completed
97,50,5,8/1/2026 0:00,Debit Card,Completed
98,67,2,8/1/2026 0:00,Debit Card,Completed
99,84,4,8/1/2026 0:00,Debit Card,Completed
100,1,1,8/2/2026 0:00,Debit Card,Completed
101,18,3,8/2/2026 0:00,Debit Card,Completed
102,35,5,8/2/2026 0:00,Debit Card,Completed
103,52,2,8/2/2026 0:00,Debit Card,Completed
104,69,4,8/3/2026 0:00,Debit Card,Completed
105,86,1,8/3/2026 0:00,Debit Card,Completed
106,3,3,8/3/2026 0:00,Debit Card,Completed
107,20,5,8/4/2026 0:00,Debit Card,Completed
108,37,2,8/4/2026 0:00,Debit Card,Completed
109,54,4,8/4/2026 0:00,Debit Card,Completed
110,71,1,8/5/2026 0:00,Debit Card,Completed
111,88,3,8/5/2026 0:00,Debit Card,Completed
112,5,5,8/5/2026 0:00,Debit Card,Completed
113,22,2,8/5/2026 0:00,Debit Card,Completed
114,39,4,8/6/2026 0:00,Debit Card,Completed
115,56,1,8/6/2026 0:00,Debit Card,Completed
116,73,3,8/6/2026 0:00,Debit Card,Completed
117,90,5,8/7/2026 0:00,Debit Card,Completed
118,7,2,8/7/2026 0:00,Debit Card,Completed
119,24,4,8/7/2026 0:00,Debit Card,Completed
120,41,1,8/8/2026 0:00,Debit Card,Completed
121,58,3,8/8/2026 0:00,Debit Card,Completed
122,75,5,8/8/2026 0:00,Debit Card,Completed
123,92,2,8/8/2026 0:00,Debit Card,Completed
124,9,4,8/9/2026 0:00,Debit Card,Completed
125,26,1,8/9/2026 0:00,Debit Card,Completed
126,43,3,8/9/2026 0:00,Debit Card,Completed
127,60,5,8/10/2026 0:00,Debit Card,Completed
128,77,2,8/10/2026 0:00,Debit Card,Completed
129,94,4,8/10/2026 0:00,Debit Card,Completed
130,11,1,8/11/2026 0:00,Debit Card,Completed
131,28,3,8/11/2026 0:00,Debit Card,Completed
132,45,5,8/11/2026 0:00,Debit Card,Completed
133,62,2,8/12/2026 0:00,Debit Card,Completed
134,79,4,8/12/2026 0:00,Debit Card,Completed
135,96,1,8/12/2026 0:00,Debit Card,Completed
136,13,3,8/12/2026 0:00,Debit Card,Completed
137,30,5,8/13/2026 0:00,Debit Card,Completed
138,47,2,8/13/2026 0:00,Debit Card,Completed
139,64,4,8/13/2026 0:00,Debit Card,Completed
140,81,1,8/14/2026 0:00,Debit Card,Completed
141,98,3,8/14/2026 0:00,Debit Card,Completed
142,15,5,8/14/2026 0:00,Debit Card,Completed
143,32,2,8/15/2026 0:00,Debit Card,Completed
144,49,4,8/15/2026 0:00,Debit Card,Completed
145,66,1,8/15/2026 0:00,Debit Card,Completed
146,83,3,8/15/2026 0:00,Debit Card,Completed
147,100,5,8/16/2026 0:00,Debit Card,Completed
148,17,2,8/16/2026 0:00,Debit Card,Completed
149,34,4,8/16/2026 0:00,Debit Card,Completed
150,51,1,8/17/2026 0:00,Debit Card,Completed
151,68,3,8/17/2026 0:00,Debit Card,Completed
152,85,5,8/17/2026 0:00,Debit Card,Completed
153,2,2,8/18/2026 0:00,Debit Card,Completed
154,19,4,8/18/2026 0:00,Debit Card,Completed
155,36,1,8/18/2026 0:00,Debit Card,Completed
156,53,3,8/19/2026 0:00,Debit Card,Completed
157,70,5,8/19/2026 0:00,Debit Card,Completed
158,87,2,8/19/2026 0:00,Debit Card,Completed
159,4,4,8/19/2026 0:00,Debit Card,Completed
160,21,1,8/20/2026 0:00,Debit Card,Completed
161,38,3,8/20/2026 0:00,Debit Card,Completed
162,55,5,8/20/2026 0:00,Debit Card,Completed
163,72,2,8/21/2026 0:00,Debit Card,Completed
164,89,4,8/21/2026 0:00,Debit Card,Completed
165,6,1,8/21/2026 0:00,Debit Card,Completed
166,23,3,8/22/2026 0:00,Debit Card,Completed
167,40,5,8/22/2026 0:00,Debit Card,Completed
168,57,2,8/22/2026 0:00,Debit Card,Completed
169,74,4,8/22/2026 0:00,Debit Card,Completed
170,91,1,8/23/2026 0:00,Debit Card,Completed
171,8,3,8/23/2026 0:00,Debit Card,Completed
172,25,5,8/23/2026 0:00,Debit Card,Completed
173,42,2,8/24/2026 0:00,Debit Card,Completed
174,59,4,8/24/2026 0:00,Debit Card,Completed
175,76,1,8/24/2026 0:00,Debit Card,Completed
176,93,3,8/25/2026 0:00,Debit Card,Completed
177,10,5,8/25/2026 0:00,Debit Card,Completed
178,27,2,8/25/2026 0:00,Debit Card,Completed
179,44,4,8/25/2026 0:00,Debit Card,Completed
180,61,1,8/26/2026 0:00,Debit Card,Completed
181,78,3,8/26/2026 0:00,Debit Card,Completed
182,95,5,8/26/2026 0:00,Debit Card,Completed
183,12,2,8/27/2026 0:00,Debit Card,Completed
184,29,4,8/27/2026 0:00,Debit Card,Completed
185,46,1,8/27/2026 0:00,Debit Card,Completed
186,63,3,8/28/2026 0:00,Debit Card,Completed
187,80,5,8/28/2026 0:00,Debit Card,Completed
188,97,2,8/28/2026 0:00,Debit Card,Completed
189,14,4,8/29/2026 0:00,Debit Card,Completed
190,31,1,8/29/2026 0:00,Debit Card,Completed
191,48,3,8/29/2026 0:00,Debit Card,Completed
192,65,5,8/29/2026 0:00,Debit Card,Completed
193,82,2,8/30/2026 0:00,Debit Card,Completed
194,99,4,8/30/2026 0:00,Debit Card,Completed
195,16,1,8/30/2026 0:00,Debit Card,Completed
196,33,3,8/31/2026 0:00,Debit Card,Completed
197,50,5,8/31/2026 0:00,Debit Card,Completed
198,67,2,8/31/2026 0:00,Debit Card,Completed
199,84,4,9/1/2026 0:00,Debit Card,Completed
200,1,1,9/1/2026 0:00,Debit Card,Completed
201,18,3,9/1/2026 0:00,Debit Card,Completed
202,35,5,9/1/2026 0:00,Debit Card,Completed
203,52,2,9/2/2026 0:00,Debit Card,Completed
204,69,4,9/2/2026 0:00,Debit Card,Completed
205,86,1,9/2/2026 0:00,Debit Card,Completed
206,3,3,9/3/2026 0:00,Debit Card,Completed
207,20,5,9/3/2026 0:00,Debit Card,Completed
208,37,2,9/3/2026 0:00,Debit Card,Completed
209,54,4,9/4/2026 0:00,Debit Card,Completed
210,71,1,9/4/2026 0:00,Debit Card,Completed
211,88,3,9/4/2026 0:00,Debit Card,Completed
212,5,5,9/5/2026 0:00,Debit Card,Completed
213,22,2,9/5/2026 0:00,Debit Card,Completed
214,39,4,9/5/2026 0:00,Debit Card,Completed
215,56,1,9/5/2026 0:00,Debit Card,Completed
216,73,3,9/6/2026 0:00,Debit Card,Completed
217,90,5,9/6/2026 0:00,Debit Card,Completed
218,7,2,9/6/2026 0:00,Debit Card,Completed
219,24,4,9/7/2026 0:00,Debit Card,Completed
220,41,1,9/7/2026 0:00,Debit Card,Completed
221,58,3,9/7/2026 0:00,Debit Card,Completed
222,75,5,9/8/2026 0:00,Debit Card,Completed
223,92,2,9/8/2026 0:00,Debit Card,Completed
224,9,4,9/8/2026 0:00,Debit Card,Completed
225,26,1,9/8/2026 0:00,Debit Card,Completed
226,43,3,9/9/2026 0:00,Debit Card,Completed
227,60,5,9/9/2026 0:00,Debit Card,Completed
228,77,2,9/9/2026 0:00,Debit Card,Completed
229,94,4,9/10/2026 0:00,Debit Card,Completed
230,11,1,9/10/2026 0:00,Debit Card,Completed
231,28,3,9/10/2026 0:00,Debit Card,Completed
232,45,5,9/11/2026 0:00,Debit Card,Completed
233,62,2,9/11/2026 0:00,Debit Card,Completed
234,79,4,9/11/2026 0:00,Debit Card,Completed
235,96,1,9/11/2026 0:00,Debit Card,Completed
236,13,3,9/12/2026 0:00,Debit Card,Completed
237,30,5,9/12/2026 0:00,Debit Card,Completed
238,47,2,9/12/2026 0:00,Debit Card,Completed
239,64,4,9/13/2026 0:00,Debit Card,Completed
240,81,1,9/13/2026 0:00,Debit Card,Completed
241,98,3,9/13/2026 0:00,Debit Card,Completed
242,15,5,9/14/2026 0:00,Debit Card,Completed
243,32,2,9/14/2026 0:00,Debit Card,Completed
244,49,4,9/14/2026 0:00,Debit Card,Completed
245,66,1,9/15/2026 0:00,Debit Card,Completed
246,83,3,9/15/2026 0:00,Debit Card,Completed
247,100,5,9/15/2026 0:00,Debit Card,Completed
248,17,2,9/15/2026 0:00,Debit Card,Completed
249,34,4,9/16/2026 0:00,Debit Card,Completed
250,51,1,9/16/2026 0:00,Debit Card,Completed
251,68,3,9/16/2026 0:00,Debit Card,Completed
252,85,5,9/17/2026 0:00,Debit Card,Completed
253,2,2,9/17/2026 0:00,Debit Card,Completed
254,19,4,9/17/2026 0:00,Debit Card,Completed
255,36,1,9/18/2026 0:00,Debit Card,Completed
256,53,3,9/18/2026 0:00,Debit Card,Completed
257,70,5,9/18/2026 0:00,Debit Card,Completed
258,87,2,9/18/2026 0:00,Debit Card,Completed
259,4,4,9/19/2026 0:00,Debit Card,Completed
260,21,1,9/19/2026 0:00,Debit Card,Completed
261,38,3,9/19/2026 0:00,Debit Card,Completed
262,55,5,9/20/2026 0:00,Debit Card,Completed
263,72,2,9/20/2026 0:00,Debit Card,Completed
264,89,4,9/20/2026 0:00,Debit Card,Completed
265,6,1,9/21/2026 0:00,Debit Card,Completed
266,23,3,9/21/2026 0:00,Debit Card,Completed
267,40,5,9/21/2026 0:00,Debit Card,Completed
268,57,2,9/22/2026 0:00,Debit Card,Completed
269,74,4,9/22/2026 0:00,Debit Card,Completed
270,91,1,9/22/2026 0:00,Debit Card,Completed
271,8,3,9/22/2026 0:00,Debit Card,Completed
272,25,5,9/23/2026 0:00,Debit Card,Completed
273,42,2,9/23/2026 0:00,Debit Card,Completed
274,59,4,9/23/2026 0:00,Debit Card,Completed
275,76,1,9/24/2026 0:00,Debit Card,Completed
276,93,3,9/24/2026 0:00,Debit Card,Completed
277,10,5,9/24/2026 0:00,Debit Card,Completed
278,27,2,9/25/2026 0:00,Debit Card,Completed
279,44,4,9/25/2026 0:00,Debit Card,Completed
280,61,1,9/25/2026 0:00,Debit Card,Completed
281,78,3,9/25/2026 0:00,Debit Card,Completed
282,95,5,9/26/2026 0:00,Debit Card,Completed
283,12,2,9/26/2026 0:00,Debit Card,Completed
284,29,4,9/26/2026 0:00,Debit Card,Completed
285,46,1,9/27/2026 0:00,Debit Card,Completed
286,63,3,9/27/2026 0:00,Debit Card,Completed
287,80,5,9/27/2026 0:00,Debit Card,Completed
288,97,2,9/28/2026 0:00,Debit Card,Completed
289,14,4,9/28/2026 0:00,Debit Card,Completed
290,31,1,9/28/2026 0:00,Debit Card,Completed
291,48,3,9/28/2026 0:00,Debit Card,Completed
292,65,5,9/29/2026 0:00,Debit Card,Completed
293,82,2,9/29/2026 0:00,Debit Card,Completed
294,99,4,9/29/2026 0:00,Debit Card,Completed
295,16,1,9/30/2026 0:00,Debit Card,Completed
296,33,3,9/30/2026 0:00,Debit Card,Completed
297,50,5,9/30/2026 0:00,Debit Card,Completed
298,67,2,10/1/2026 0:00,Debit Card,Completed
299,84,4,10/1/2026 0:00,Debit Card,Completed
300,1,1,10/1/2026 0:00,Cash,Completed
301,18,3,10/2/2026 0:00,Cash,Completed
302,35,5,10/2/2026 0:00,Cash,Completed
303,52,2,10/2/2026 0:00,Cash,Completed
304,69,4,10/2/2026 0:00,Cash,Completed
305,86,1,10/3/2026 0:00,Cash,Completed
306,3,3,10/3/2026 0:00,Cash,Completed
307,20,5,10/3/2026 0:00,Cash,Completed
308,37,2,10/4/2026 0:00,Cash,Completed
309,54,4,10/4/2026 0:00,Cash,Completed
310,71,1,10/4/2026 0:00,Cash,Completed
311,88,3,10/5/2026 0:00,Cash,Completed
312,5,5,10/5/2026 0:00,Cash,Completed
313,22,2,10/5/2026 0:00,Cash,Completed
314,39,4,10/5/2026 0:00,Cash,Completed
315,56,1,10/6/2026 0:00,Cash,Completed
316,73,3,10/6/2026 0:00,Cash,Completed
317,90,5,10/6/2026 0:00,Cash,Completed
318,7,2,10/7/2026 0:00,Cash,Completed
319,24,4,10/7/2026 0:00,Cash,Completed
320,41,1,10/7/2026 0:00,Cash,Completed
321,58,3,10/8/2026 0:00,Cash,Completed
322,75,5,10/8/2026 0:00,Cash,Completed
323,92,2,10/8/2026 0:00,Cash,Completed
324,9,4,10/9/2026 0:00,Cash,Completed
325,26,1,10/9/2026 0:00,Cash,Completed
326,43,3,10/9/2026 0:00,Cash,Completed
327,60,5,10/9/2026 0:00,Cash,Completed
328,77,2,10/10/2026 0:00,Cash,Completed
329,94,4,10/10/2026 0:00,Cash,Completed
330,11,1,10/10/2026 0:00,Cash,Completed
331,28,3,10/11/2026 0:00,Cash,Completed
332,45,5,10/11/2026 0:00,Cash,Completed
333,62,2,10/11/2026 0:00,Cash,Completed
334,79,4,10/12/2026 0:00,Cash,Completed
335,96,1,10/12/2026 0:00,Cash,Completed
336,13,3,10/12/2026 0:00,Cash,Completed
337,30,5,10/12/2026 0:00,Cash,Completed
338,47,2,10/13/2026 0:00,Cash,Completed
339,64,4,10/13/2026 0:00,Cash,Completed
340,81,1,10/13/2026 0:00,Cash,Completed
341,98,3,10/14/2026 0:00,Cash,Completed
342,15,5,10/14/2026 0:00,Cash,Completed
343,32,2,10/14/2026 0:00,Cash,Completed
344,49,4,10/15/2026 0:00,Cash,Completed
345,66,1,10/15/2026 0:00,Cash,Completed
346,83,3,10/15/2026 0:00,Cash,Completed
347,100,5,10/15/2026 0:00,Cash,Completed
348,17,2,10/16/2026 0:00,Cash,Completed
349,34,4,10/16/2026 0:00,Cash,Completed
350,51,1,10/16/2026 0:00,Cash,Completed
351,68,3,10/17/2026 0:00,Cash,Completed
352,85,5,10/17/2026 0:00,Cash,Completed
353,2,2,10/17/2026 0:00,Cash,Completed
354,19,4,10/18/2026 0:00,Cash,Completed
355,36,1,10/18/2026 0:00,Cash,Completed
356,53,3,10/18/2026 0:00,Cash,Completed
357,70,5,10/19/2026 0:00,Cash,Completed
358,87,2,10/19/2026 0:00,Cash,Completed
359,4,4,10/19/2026 0:00,Cash,Completed
360,21,1,10/19/2026 0:00,Cash,Completed
361,38,3,10/20/2026 0:00,Cash,Completed
362,55,5,10/20/2026 0:00,Cash,Completed
363,72,2,10/20/2026 0:00,Cash,Completed
364,89,4,10/21/2026 0:00,Cash,Completed
365,6,1,10/21/2026 0:00,Cash,Completed
366,23,3,10/21/2026 0:00,Cash,Completed
367,40,5,10/22/2026 0:00,Cash,Completed
368,57,2,10/22/2026 0:00,Cash,Completed
369,74,4,10/22/2026 0:00,Cash,Completed
370,91,1,10/22/2026 0:00,Cash,Completed
371,8,3,10/23/2026 0:00,Cash,Completed
372,25,5,10/23/2026 0:00,Cash,Completed
373,42,2,10/23/2026 0:00,Cash,Completed
374,59,4,10/24/2026 0:00,Cash,Completed
375,76,1,10/24/2026 0:00,Cash,Completed
376,93,3,10/24/2026 0:00,Cash,Completed
377,10,5,10/25/2026 0:00,Cash,Completed
378,27,2,10/25/2026 0:00,Cash,Completed
379,44,4,10/25/2026 0:00,Cash,Completed
380,61,1,10/26/2026 0:00,Cash,Completed
381,78,3,10/26/2026 0:00,Cash,Completed
382,95,5,10/26/2026 0:00,Cash,Completed
383,12,2,10/26/2026 0:00,Cash,Completed
384,29,4,10/27/2026 0:00,Cash,Completed
385,46,1,10/27/2026 0:00,Cash,Completed
386,63,3,10/27/2026 0:00,Cash,Completed
387,80,5,10/28/2026 0:00,Cash,Completed
388,97,2,10/28/2026 0:00,Cash,Completed
389,14,4,10/28/2026 0:00,Cash,Completed
390,31,1,10/29/2026 0:00,Cash,Completed
391,48,3,10/29/2026 0:00,Cash,Completed
392,65,5,10/29/2026 0:00,Cash,Completed
393,82,2,10/29/2026 0:00,Cash,Completed
394,99,4,10/30/2026 0:00,Cash,Completed
395,16,1,10/30/2026 0:00,Cash,Completed
396,33,3,10/30/2026 0:00,Cash,Completed
397,50,5,10/31/2026 0:00,Cash,Completed
398,67,2,10/31/2026 0:00,Cash,Completed
399,84,4,10/31/2026 0:00,Cash,Completed
400,1,1,11/1/2026 0:00,Cash,Completed
401,18,3,11/1/2026 0:00,Cash,Completed
402,35,5,11/1/2026 0:00,Cash,Completed
403,52,2,11/1/2026 0:00,Cash,Completed
404,69,4,11/2/2026 0:00,Cash,Completed
405,86,1,11/2/2026 0:00,Cash,Completed
406,3,3,11/2/2026 0:00,Cash,Completed
407,20,5,11/3/2026 0:00,Cash,Completed
408,37,2,11/3/2026 0:00,Cash,Completed
409,54,4,11/3/2026 0:00,Cash,Completed
410,71,1,11/4/2026 0:00,Cash,Completed
411,88,3,11/4/2026 0:00,Cash,Completed
412,5,5,11/4/2026 0:00,Cash,Completed
413,22,2,11/5/2026 0:00,Cash,Completed
414,39,4,11/5/2026 0:00,Cash,Completed
415,56,1,11/5/2026 0:00,Cash,Completed
416,73,3,11/5/2026 0:00,Cash,Completed
417,90,5,11/6/2026 0:00,Cash,Completed
418,7,2,11/6/2026 0:00,Cash,Completed
419,24,4,11/6/2026 0:00,Cash,Completed
420,41,1,11/7/2026 0:00,Cash,Completed
421,58,3,11/7/2026 0:00,Cash,Completed
422,75,5,11/7/2026 0:00,Cash,Completed
423,92,2,11/8/2026 0:00,Cash,Completed
424,9,4,11/8/2026 0:00,Cash,Completed
425,26,1,11/8/2026 0:00,Cash,Completed
426,43,3,11/8/2026 0:00,Cash,Completed
427,60,5,11/9/2026 0:00,Cash,Completed
428,77,2,11/9/2026 0:00,Cash,Completed
429,1,1,1/1/2026 0:00,Credit Card,Completed
430,18,3,1/1/2026 0:00,Credit Card,Completed
431,35,5,1/2/2026 0:00,Credit Card,Completed
432,52,2,1/2/2026 0:00,Credit Card,Completed
433,69,4,1/2/2026 0:00,Credit Card,Completed
434,86,1,1/3/2026 0:00,Credit Card,Completed
435,3,3,1/3/2026 0:00,Credit Card,Completed
436,20,5,1/3/2026 0:00,Credit Card,Completed
437,37,2,1/3/2026 0:00,Credit Card,Completed
438,54,4,1/4/2026 0:00,Credit Card,Completed
439,71,1,1/4/2026 0:00,Credit Card,Completed
440,88,3,1/4/2026 0:00,Credit Card,Completed
441,5,5,1/5/2026 0:00,Credit Card,Completed
442,22,2,1/5/2026 0:00,Credit Card,Completed
443,39,4,1/5/2026 0:00,Credit Card,Completed
444,56,1,1/6/2026 0:00,Credit Card,Completed
445,73,3,1/6/2026 0:00,Credit Card,Completed
446,90,5,1/6/2026 0:00,Credit Card,Completed
447,7,2,1/6/2026 0:00,Credit Card,Completed
448,24,4,1/7/2026 0:00,Credit Card,Completed
449,41,1,1/7/2026 0:00,Credit Card,Completed
450,58,3,1/7/2026 0:00,Credit Card,Completed
451,75,5,1/8/2026 0:00,Credit Card,Completed
452,92,2,1/8/2026 0:00,Credit Card,Completed
453,9,4,1/8/2026 0:00,Credit Card,Completed
454,26,1,1/9/2026 0:00,Credit Card,Completed
455,43,3,1/9/2026 0:00,Credit Card,Completed
456,60,5,1/9/2026 0:00,Credit Card,Completed
457,77,2,1/10/2026 0:00,Credit Card,Completed
458,94,4,1/10/2026 0:00,Credit Card,Completed
459,11,1,1/10/2026 0:00,Credit Card,Completed
460,28,3,1/10/2026 0:00,Credit Card,Completed
461,45,5,1/11/2026 0:00,Credit Card,Completed
462,62,2,1/11/2026 0:00,Credit Card,Completed
463,79,4,1/11/2026 0:00,Credit Card,Completed
464,96,1,1/12/2026 0:00,Credit Card,Completed
465,13,3,1/12/2026 0:00,Credit Card,Completed
466,30,5,1/12/2026 0:00,Credit Card,Completed
467,47,2,1/13/2026 0:00,Credit Card,Completed
468,64,4,1/13/2026 0:00,Credit Card,Completed
469,81,1,1/13/2026 0:00,Credit Card,Completed
470,98,3,1/13/2026 0:00,Credit Card,Completed
471,15,5,1/14/2026 0:00,Credit Card,Completed
472,32,2,1/14/2026 0:00,Credit Card,Completed
473,49,4,1/14/2026 0:00,Credit Card,Completed
474,66,1,1/15/2026 0:00,Credit Card,Completed
475,83,3,1/15/2026 0:00,Credit Card,Completed
476,100,5,1/15/2026 0:00,Credit Card,Completed
477,17,2,1/16/2026 0:00,Credit Card,Completed
478,34,4,1/16/2026 0:00,Credit Card,Completed
479,51,1,1/16/2026 0:00,Credit Card,Completed
480,68,3,1/16/2026 0:00,Credit Card,Completed
481,85,5,1/17/2026 0:00,Credit Card,Completed
482,2,2,1/17/2026 0:00,Credit Card,Completed
483,19,4,1/17/2026 0:00,Credit Card,Completed
484,36,1,1/18/2026 0:00,Credit Card,Completed
485,53,3,1/18/2026 0:00,Credit Card,Completed
486,70,5,1/18/2026 0:00,Credit Card,Completed
487,87,2,1/19/2026 0:00,Credit Card,Completed
488,4,4,1/19/2026 0:00,Credit Card,Completed
489,21,1,1/19/2026 0:00,Credit Card,Completed
490,38,3,1/20/2026 0:00,Credit Card,Completed
491,55,5,1/20/2026 0:00,Credit Card,Completed
492,72,2,1/20/2026 0:00,Credit Card,Completed
493,89,4,1/20/2026 0:00,Credit Card,Completed
494,6,1,1/21/2026 0:00,Credit Card,Completed
495,23,3,1/21/2026 0:00,Credit Card,Completed
496,40,5,1/21/2026 0:00,Credit Card,Completed
497,57,2,1/22/2026 0:00,Credit Card,Completed
498,74,4,1/22/2026 0:00,Credit Card,Completed
499,91,1,1/22/2026 0:00,Credit Card,Completed
500,8,3,1/23/2026 0:00,Credit Card,Completed
501,25,5,1/23/2026 0:00,Credit Card,Completed
502,42,2,1/23/2026 0:00,Credit Card,Completed
503,59,4,1/23/2026 0:00,Credit Card,Completed
504,76,1,1/24/2026 0:00,Credit Card,Completed
505,93,3,1/24/2026 0:00,Credit Card,Completed
506,10,5,1/24/2026 0:00,Credit Card,Completed
507,27,2,1/25/2026 0:00,Credit Card,Completed
508,44,4,1/25/2026 0:00,Credit Card,Completed
509,61,1,1/25/2026 0:00,Credit Card,Completed
510,78,3,1/26/2026 0:00,Credit Card,Completed
511,95,5,1/26/2026 0:00,Credit Card,Completed
512,12,2,1/26/2026 0:00,Credit Card,Completed
513,29,4,1/27/2026 0:00,Credit Card,Completed
514,46,1,1/27/2026 0:00,Credit Card,Completed
515,63,3,1/27/2026 0:00,Credit Card,Completed
516,80,5,1/27/2026 0:00,Credit Card,Completed
517,97,2,1/28/2026 0:00,Credit Card,Completed
518,14,4,1/28/2026 0:00,Credit Card,Completed
519,31,1,1/28/2026 0:00,Credit Card,Completed
520,48,3,1/29/2026 0:00,Credit Card,Completed
521,65,5,1/29/2026 0:00,Credit Card,Completed
522,82,2,1/29/2026 0:00,Credit Card,Completed
523,99,4,1/30/2026 0:00,Credit Card,Completed
524,16,1,1/30/2026 0:00,Credit Card,Completed
525,33,3,1/30/2026 0:00,Credit Card,Completed
526,50,5,1/30/2026 0:00,Credit Card,Completed
527,67,2,1/31/2026 0:00,Credit Card,Completed
528,84,4,1/31/2026 0:00,Credit Card,Completed
529,1,1,1/31/2026 0:00,Credit Card,Completed
530,18,3,2/1/2026 0:00,Credit Card,Completed
531,35,5,2/1/2026 0:00,Credit Card,Completed
532,52,2,2/1/2026 0:00,Credit Card,Completed
533,69,4,2/2/2026 0:00,Credit Card,Completed
534,86,1,2/2/2026 0:00,Credit Card,Completed
535,3,3,2/2/2026 0:00,Credit Card,Completed
536,20,5,2/2/2026 0:00,Credit Card,Completed
537,37,2,2/3/2026 0:00,Credit Card,Completed
538,54,4,2/3/2026 0:00,Credit Card,Completed
539,71,1,2/3/2026 0:00,Credit Card,Completed
540,88,3,2/4/2026 0:00,Credit Card,Completed
541,5,5,2/4/2026 0:00,Credit Card,Completed
542,22,2,2/4/2026 0:00,Credit Card,Completed
543,39,4,2/5/2026 0:00,Credit Card,Completed
544,56,1,2/5/2026 0:00,Credit Card,Completed
545,73,3,2/5/2026 0:00,Credit Card,Completed
546,90,5,2/6/2026 0:00,Credit Card,Completed
547,7,2,2/6/2026 0:00,Credit Card,Completed
548,24,4,2/6/2026 0:00,Credit Card,Completed
549,41,1,2/6/2026 0:00,Credit Card,Completed
550,58,3,2/7/2026 0:00,Credit Card,Completed
551,75,5,2/7/2026 0:00,Credit Card,Completed
552,92,2,2/7/2026 0:00,Credit Card,Completed
553,9,4,2/8/2026 0:00,Credit Card,Completed
554,26,1,2/8/2026 0:00,Credit Card,Completed
555,43,3,2/8/2026 0:00,Credit Card,Completed
556,60,5,2/9/2026 0:00,Credit Card,Completed
557,77,2,2/9/2026 0:00,Credit Card,Completed
558,94,4,2/9/2026 0:00,Credit Card,Completed
559,11,1,2/9/2026 0:00,Credit Card,Completed
560,28,3,2/10/2026 0:00,Credit Card,Completed
561,45,5,2/10/2026 0:00,Credit Card,Completed
562,62,2,2/10/2026 0:00,Credit Card,Completed
563,79,4,2/11/2026 0:00,Credit Card,Completed
564,96,1,2/11/2026 0:00,Credit Card,Completed
565,13,3,2/11/2026 0:00,Credit Card,Completed
566,30,5,2/12/2026 0:00,Credit Card,Completed
567,47,2,2/12/2026 0:00,Credit Card,Completed
568,64,4,2/12/2026 0:00,Credit Card,Completed
569,81,1,2/13/2026 0:00,Credit Card,Completed
570,98,3,2/13/2026 0:00,Credit Card,Completed
571,15,5,2/13/2026 0:00,Credit Card,Completed
572,32,2,2/13/2026 0:00,Credit Card,Completed
573,49,4,2/14/2026 0:00,Credit Card,Completed
574,66,1,2/14/2026 0:00,Credit Card,Completed
575,83,3,2/14/2026 0:00,Credit Card,Completed
576,100,5,2/15/2026 0:00,Credit Card,Completed
577,17,2,2/15/2026 0:00,Credit Card,Completed
578,34,4,2/15/2026 0:00,Credit Card,Completed
579,51,1,2/16/2026 0:00,Credit Card,Completed
580,68,3,2/16/2026 0:00,Credit Card,Completed
581,85,5,2/16/2026 0:00,Credit Card,Completed
582,2,2,2/16/2026 0:00,Credit Card,Completed
583,19,4,2/17/2026 0:00,Credit Card,Completed
584,36,1,2/17/2026 0:00,Credit Card,Completed
585,53,3,2/17/2026 0:00,Credit Card,Completed
586,70,5,2/18/2026 0:00,Credit Card,Completed
587,87,2,2/18/2026 0:00,Credit Card,Completed
588,4,4,2/18/2026 0:00,Credit Card,Completed
589,21,1,2/19/2026 0:00,Credit Card,Completed
590,38,3,2/19/2026 0:00,Credit Card,Completed
591,55,5,2/19/2026 0:00,Credit Card,Completed
592,72,2,2/19/2026 0:00,Credit Card,Completed
593,89,4,2/20/2026 0:00,Credit Card,Completed
594,6,1,2/20/2026 0:00,Credit Card,Completed
595,23,3,2/20/2026 0:00,Credit Card,Completed
596,40,5,2/21/2026 0:00,Credit Card,Completed
597,57,2,2/21/2026 0:00,Credit Card,Completed
598,74,4,2/21/2026 0:00,Credit Card,Completed
599,91,1,2/22/2026 0:00,Credit Card,Completed
600,8,3,2/22/2026 0:00,Credit Card,Completed
601,25,5,2/22/2026 0:00,Credit Card,Completed
602,42,2,2/23/2026 0:00,Credit Card,Completed
603,59,4,2/23/2026 0:00,Credit Card,Completed
604,76,1,2/23/2026 0:00,Credit Card,Completed
605,93,3,2/23/2026 0:00,Credit Card,Completed
606,10,5,2/24/2026 0:00,Credit Card,Completed
607,27,2,2/24/2026 0:00,Credit Card,Completed
608,44,4,2/24/2026 0:00,Credit Card,Completed
609,61,1,2/25/2026 0:00,Credit Card,Completed
610,78,3,2/25/2026 0:00,Credit Card,Completed
611,95,5,2/25/2026 0:00,Credit Card,Completed
612,12,2,2/26/2026 0:00,Credit Card,Completed
613,29,4,2/26/2026 0:00,Credit Card,Completed
614,46,1,2/26/2026 0:00,Credit Card,Completed
615,63,3,2/26/2026 0:00,Credit Card,Completed
616,80,5,2/27/2026 0:00,Credit Card,Completed
617,97,2,2/27/2026 0:00,Credit Card,Completed
618,14,4,2/27/2026 0:00,Credit Card,Completed
619,31,1,2/28/2026 0:00,Credit Card,Completed
620,48,3,2/28/2026 0:00,Credit Card,Completed
621,65,5,2/28/2026 0:00,Credit Card,Completed
622,82,2,3/1/2026 0:00,Credit Card,Completed
623,99,4,3/1/2026 0:00,Credit Card,Completed
624,16,1,3/1/2026 0:00,Credit Card,Completed
625,33,3,3/2/2026 0:00,Credit Card,Completed
626,50,5,3/2/2026 0:00,Credit Card,Completed
627,67,2,3/2/2026 0:00,Credit Card,Completed
628,84,4,3/2/2026 0:00,Credit Card,Completed
629,1,1,3/3/2026 0:00,Credit Card,Completed
630,18,3,3/3/2026 0:00,Credit Card,Completed
631,35,5,3/3/2026 0:00,Credit Card,Completed
632,52,2,3/4/2026 0:00,Credit Card,Completed
633,69,4,3/4/2026 0:00,Credit Card,Completed
634,86,1,3/4/2026 0:00,Credit Card,Completed
635,3,3,3/5/2026 0:00,Credit Card,Completed
636,20,5,3/5/2026 0:00,Credit Card,Completed
637,37,2,3/5/2026 0:00,Credit Card,Completed
638,54,4,3/5/2026 0:00,Credit Card,Completed
639,71,1,3/6/2026 0:00,Credit Card,Completed
640,88,3,3/6/2026 0:00,Credit Card,Completed
641,5,5,3/6/2026 0:00,Credit Card,Completed
642,22,2,3/7/2026 0:00,Credit Card,Completed
643,39,4,3/7/2026 0:00,Credit Card,Completed
644,56,1,3/7/2026 0:00,Credit Card,Completed
645,73,3,3/8/2026 0:00,Credit Card,Completed
646,90,5,3/8/2026 0:00,Credit Card,Completed
647,7,2,3/8/2026 0:00,Credit Card,Completed
648,24,4,3/8/2026 0:00,Credit Card,Completed
649,41,1,3/9/2026 0:00,Credit Card,Completed
650,58,3,3/9/2026 0:00,Credit Card,Completed
651,75,5,3/9/2026 0:00,Credit Card,Completed
652,92,2,3/10/2026 0:00,Credit Card,Completed
653,9,4,3/10/2026 0:00,Credit Card,Completed
654,26,1,3/10/2026 0:00,Credit Card,Completed
655,43,3,3/11/2026 0:00,Credit Card,Completed
656,60,5,3/11/2026 0:00,Credit Card,Completed
657,77,2,3/11/2026 0:00,Credit Card,Completed
658,94,4,3/12/2026 0:00,Credit Card,Completed
659,11,1,3/12/2026 0:00,Credit Card,Completed
660,28,3,3/12/2026 0:00,Credit Card,Completed
661,45,5,3/12/2026 0:00,Credit Card,Completed
662,62,2,3/13/2026 0:00,Credit Card,Completed
663,79,4,3/13/2026 0:00,Credit Card,Completed
664,96,1,3/13/2026 0:00,Credit Card,Completed
665,13,3,3/14/2026 0:00,Credit Card,Completed
666,30,5,3/14/2026 0:00,Credit Card,Completed
667,47,2,3/14/2026 0:00,Credit Card,Completed
668,64,4,3/15/2026 0:00,Credit Card,Completed
669,81,1,3/15/2026 0:00,Credit Card,Completed
670,98,3,3/15/2026 0:00,Credit Card,Completed
671,15,5,3/15/2026 0:00,Credit Card,Completed
672,32,2,3/16/2026 0:00,Credit Card,Completed
673,49,4,3/16/2026 0:00,Credit Card,Completed
674,66,1,3/16/2026 0:00,Credit Card,Completed
675,83,3,3/17/2026 0:00,Credit Card,Completed
676,100,5,3/17/2026 0:00,Credit Card,Completed
677,17,2,3/17/2026 0:00,Credit Card,Completed
678,34,4,3/18/2026 0:00,Credit Card,Completed
679,51,1,3/18/2026 0:00,Credit Card,Completed
680,68,3,3/18/2026 0:00,Credit Card,Completed
681,85,5,3/19/2026 0:00,Credit Card,Completed
682,2,2,3/19/2026 0:00,Credit Card,Completed
683,19,4,3/19/2026 0:00,Credit Card,Completed
684,36,1,3/19/2026 0:00,Credit Card,Completed
685,53,3,3/20/2026 0:00,Credit Card,Completed
686,70,5,3/20/2026 0:00,Credit Card,Completed
687,87,2,3/20/2026 0:00,Credit Card,Completed
688,4,4,3/21/2026 0:00,Credit Card,Completed
689,21,1,3/21/2026 0:00,Credit Card,Completed
690,38,3,3/21/2026 0:00,Credit Card,Completed
691,55,5,3/22/2026 0:00,Credit Card,Completed
692,72,2,3/22/2026 0:00,Credit Card,Completed
693,89,4,3/22/2026 0:00,Credit Card,Completed
694,6,1,3/22/2026 0:00,Credit Card,Completed
695,23,3,3/23/2026 0:00,Credit Card,Completed
696,40,5,3/23/2026 0:00,Credit Card,Completed
697,57,2,3/23/2026 0:00,Credit Card,Completed
698,74,4,3/24/2026 0:00,Credit Card,Completed
699,91,1,3/24/2026 0:00,Credit Card,Completed
700,8,3,3/24/2026 0:00,Credit Card,Completed
701,25,5,3/25/2026 0:00,Credit Card,Completed
702,42,2,3/25/2026 0:00,Credit Card,Completed
703,59,4,3/25/2026 0:00,Credit Card,Completed
704,76,1,3/25/2026 0:00,Credit Card,Completed
705,93,3,3/26/2026 0:00,Credit Card,Completed
706,10,5,3/26/2026 0:00,Credit Card,Completed
707,27,2,3/26/2026 0:00,Credit Card,Completed
708,44,4,3/27/2026 0:00,Credit Card,Completed
709,61,1,3/27/2026 0:00,Credit Card,Completed
710,78,3,3/27/2026 0:00,Credit Card,Completed
711,95,5,3/28/2026 0:00,Credit Card,Completed
712,12,2,3/28/2026 0:00,Credit Card,Completed
713,29,4,3/28/2026 0:00,Credit Card,Completed
714,46,1,3/29/2026 0:00,Credit Card,Completed
715,63,3,3/29/2026 0:00,Credit Card,Completed
716,80,5,3/29/2026 0:00,Credit Card,Completed
717,97,2,3/29/2026 0:00,Credit Card,Completed
718,14,4,3/30/2026 0:00,Credit Card,Completed
719,31,1,3/30/2026 0:00,Credit Card,Completed
720,48,3,3/30/2026 0:00,Credit Card,Completed
721,65,5,3/31/2026 0:00,Credit Card,Completed
722,82,2,3/31/2026 0:00,Credit Card,Completed
723,99,4,3/31/2026 0:00,Credit Card,Completed
724,16,1,4/1/2026 0:00,Credit Card,Completed
725,33,3,4/1/2026 0:00,Credit Card,Completed
726,50,5,4/1/2026 0:00,Credit Card,Completed
727,67,2,4/1/2026 0:00,Credit Card,Completed
728,84,4,4/2/2026 0:00,Credit Card,Completed
729,1,1,4/2/2026 0:00,Credit Card,Completed
730,18,3,4/2/2026 0:00,Credit Card,Completed
731,35,5,4/3/2026 0:00,Credit Card,Completed
732,52,2,4/3/2026 0:00,Credit Card,Completed
733,69,4,4/3/2026 0:00,Credit Card,Completed
734,86,1,4/4/2026 0:00,Credit Card,Completed
735,3,3,4/4/2026 0:00,Credit Card,Completed
736,20,5,4/4/2026 0:00,Credit Card,Completed
737,37,2,4/5/2026 0:00,Credit Card,Completed
738,54,4,4/5/2026 0:00,Credit Card,Completed
739,71,1,4/5/2026 0:00,Credit Card,Completed
740,88,3,4/5/2026 0:00,Credit Card,Completed
741,5,5,4/6/2026 0:00,Credit Card,Completed
742,22,2,4/6/2026 0:00,Credit Card,Completed
743,39,4,4/6/2026 0:00,Credit Card,Completed
744,56,1,4/7/2026 0:00,Credit Card,Completed
745,73,3,4/7/2026 0:00,Credit Card,Completed
746,90,5,4/7/2026 0:00,Credit Card,Completed
747,7,2,4/8/2026 0:00,Credit Card,Completed
748,24,4,4/8/2026 0:00,Credit Card,Completed
749,41,1,4/8/2026 0:00,Credit Card,Completed
750,58,3,4/8/2026 0:00,Credit Card,Completed
751,75,5,4/9/2026 0:00,Credit Card,Completed
752,92,2,4/9/2026 0:00,Credit Card,Completed
753,9,4,4/9/2026 0:00,Credit Card,Completed
754,26,1,4/10/2026 0:00,Credit Card,Completed
755,43,3,4/10/2026 0:00,Credit Card,Completed
756,60,5,4/10/2026 0:00,Credit Card,Completed
757,77,2,4/11/2026 0:00,Credit Card,Completed
758,94,4,4/11/2026 0:00,Credit Card,Completed
759,11,1,4/11/2026 0:00,Credit Card,Completed
760,28,3,4/11/2026 0:00,Credit Card,Completed
761,45,5,4/12/2026 0:00,Credit Card,Completed
762,62,2,4/12/2026 0:00,Credit Card,Completed
763,79,4,4/12/2026 0:00,Credit Card,Completed
764,96,1,4/13/2026 0:00,Credit Card,Completed
765,13,3,4/13/2026 0:00,Credit Card,Completed
766,30,5,4/13/2026 0:00,Credit Card,Completed
767,47,2,4/14/2026 0:00,Credit Card,Completed
768,64,4,4/14/2026 0:00,Credit Card,Completed
769,81,1,4/14/2026 0:00,Credit Card,Completed
770,98,3,4/15/2026 0:00,Credit Card,Completed
771,15,5,4/15/2026 0:00,Credit Card,Completed
772,32,2,4/15/2026 0:00,Credit Card,Completed
773,49,4,4/15/2026 0:00,Credit Card,Completed
774,66,1,4/16/2026 0:00,Credit Card,Completed
775,83,3,4/16/2026 0:00,Credit Card,Completed
776,100,5,4/16/2026 0:00,Credit Card,Completed
777,17,2,4/17/2026 0:00,Credit Card,Completed
778,34,4,4/17/2026 0:00,Credit Card,Completed
779,51,1,4/17/2026 0:00,Credit Card,Completed
780,68,3,4/18/2026 0:00,Credit Card,Completed
781,85,5,4/18/2026 0:00,Credit Card,Completed
782,2,2,4/18/2026 0:00,Credit Card,Completed
783,19,4,4/18/2026 0:00,Credit Card,Completed
784,36,1,4/19/2026 0:00,Credit Card,Completed
785,53,3,4/19/2026 0:00,Credit Card,Completed
786,70,5,4/19/2026 0:00,Credit Card,Completed
787,87,2,4/20/2026 0:00,Credit Card,Completed
788,4,4,4/20/2026 0:00,Credit Card,Completed
789,21,1,4/20/2026 0:00,Credit Card,Completed
790,38,3,4/21/2026 0:00,Credit Card,Completed
791,55,5,4/21/2026 0:00,Credit Card,Completed
792,72,2,4/21/2026 0:00,Credit Card,Completed
793,89,4,4/22/2026 0:00,Credit Card,Completed
794,6,1,4/22/2026 0:00,Credit Card,Completed
795,23,3,4/22/2026 0:00,Credit Card,Completed
796,40,5,4/22/2026 0:00,Credit Card,Completed
797,57,2,4/23/2026 0:00,Credit Card,Completed
798,74,4,4/23/2026 0:00,Credit Card,Completed
799,91,1,4/23/2026 0:00,Credit Card,Completed
800,8,3,4/24/2026 0:00,Credit Card,Completed
801,25,5,4/24/2026 0:00,Credit Card,Completed
802,42,2,4/24/2026 0:00,Credit Card,Completed
803,59,4,4/25/2026 0:00,Credit Card,Completed
804,76,1,4/25/2026 0:00,Credit Card,Completed
805,93,3,4/25/2026 0:00,Credit Card,Completed
806,10,5,4/25/2026 0:00,Credit Card,Completed
807,27,2,4/26/2026 0:00,Credit Card,Completed
808,44,4,4/26/2026 0:00,Credit Card,Completed
809,61,1,4/26/2026 0:00,Credit Card,Completed
810,78,3,4/27/2026 0:00,Credit Card,Completed
811,95,5,4/27/2026 0:00,Credit Card,Completed
812,12,2,4/27/2026 0:00,Credit Card,Completed
813,29,4,4/28/2026 0:00,Credit Card,Completed
814,46,1,4/28/2026 0:00,Credit Card,Completed
815,63,3,4/28/2026 0:00,Credit Card,Completed
816,80,5,4/28/2026 0:00,Credit Card,Completed
817,97,2,4/29/2026 0:00,Credit Card,Completed
818,14,4,4/29/2026 0:00,Credit Card,Completed
819,31,1,4/29/2026 0:00,Credit Card,Completed
820,48,3,4/30/2026 0:00,Credit Card,Completed
821,65,5,4/30/2026 0:00,Credit Card,Completed
822,82,2,4/30/2026 0:00,Credit Card,Completed
823,99,4,5/1/2026 0:00,Credit Card,Completed
824,16,1,5/1/2026 0:00,Credit Card,Completed
825,33,3,5/1/2026 0:00,Credit Card,Completed
826,50,5,5/2/2026 0:00,Credit Card,Completed
827,67,2,5/2/2026 0:00,Credit Card,Completed
828,84,4,5/2/2026 0:00,Credit Card,Completed
829,1,1,5/2/2026 0:00,Credit Card,Completed
830,18,3,5/3/2026 0:00,Credit Card,Completed
831,35,5,5/3/2026 0:00,Credit Card,Completed
832,52,2,5/3/2026 0:00,Credit Card,Completed
833,69,4,5/4/2026 0:00,Credit Card,Completed
834,86,1,5/4/2026 0:00,Credit Card,Completed
835,3,3,5/4/2026 0:00,Credit Card,Completed
836,20,5,5/5/2026 0:00,Credit Card,Completed
837,37,2,5/5/2026 0:00,Credit Card,Completed
838,54,4,5/5/2026 0:00,Credit Card,Completed
839,71,1,5/5/2026 0:00,Credit Card,Completed
840,88,3,5/6/2026 0:00,Credit Card,Completed
841,5,5,5/6/2026 0:00,Credit Card,Completed
842,22,2,5/6/2026 0:00,Credit Card,Completed
843,39,4,5/7/2026 0:00,Credit Card,Completed
844,56,1,5/7/2026 0:00,Credit Card,Completed
845,73,3,5/7/2026 0:00,Credit Card,Completed
846,90,5,5/8/2026 0:00,Credit Card,Completed
847,7,2,5/8/2026 0:00,Credit Card,Completed
848,24,4,5/8/2026 0:00,Credit Card,Completed
849,41,1,5/9/2026 0:00,Credit Card,Completed
850,58,3,5/9/2026 0:00,Credit Card,Completed
851,75,5,5/9/2026 0:00,Credit Card,Completed
852,92,2,5/9/2026 0:00,Credit Card,Completed
853,9,4,5/10/2026 0:00,Credit Card,Completed
854,26,1,5/10/2026 0:00,Credit Card,Completed
855,43,3,5/10/2026 0:00,Credit Card,Completed
856,60,5,5/11/2026 0:00,Credit Card,Completed
857,77,2,5/11/2026 0:00,Credit Card,Completed
858,94,4,5/11/2026 0:00,Credit Card,Completed
859,11,1,5/12/2026 0:00,Credit Card,Completed
860,28,3,5/12/2026 0:00,Credit Card,Completed
861,45,5,5/12/2026 0:00,Credit Card,Completed
862,62,2,5/12/2026 0:00,Credit Card,Completed
863,79,4,5/13/2026 0:00,Credit Card,Completed
864,96,1,5/13/2026 0:00,Credit Card,Completed
865,13,3,5/13/2026 0:00,Credit Card,Completed
866,30,5,5/14/2026 0:00,Credit Card,Completed
867,47,2,5/14/2026 0:00,Credit Card,Completed
868,64,4,5/14/2026 0:00,Credit Card,Completed
869,81,1,5/15/2026 0:00,Credit Card,Completed
870,98,3,5/15/2026 0:00,Credit Card,Completed
871,15,5,5/15/2026 0:00,Credit Card,Completed
872,32,2,5/15/2026 0:00,Credit Card,Completed
873,49,4,5/16/2026 0:00,Credit Card,Completed
874,66,1,5/16/2026 0:00,Credit Card,Completed
875,83,3,5/16/2026 0:00,Credit Card,Completed
876,100,5,5/17/2026 0:00,Credit Card,Completed
877,17,2,5/17/2026 0:00,Credit Card,Completed
878,34,4,5/17/2026 0:00,Credit Card,Completed
879,51,1,5/18/2026 0:00,Credit Card,Completed
880,68,3,5/18/2026 0:00,Credit Card,Completed
881,85,5,5/18/2026 0:00,Credit Card,Completed
882,2,2,5/19/2026 0:00,Credit Card,Completed
883,19,4,5/19/2026 0:00,Credit Card,Completed
884,36,1,5/19/2026 0:00,Credit Card,Completed
885,53,3,5/19/2026 0:00,Credit Card,Completed
886,70,5,5/20/2026 0:00,Credit Card,Completed
887,87,2,5/20/2026 0:00,Credit Card,Completed
888,4,4,5/20/2026 0:00,Credit Card,Completed
889,21,1,5/21/2026 0:00,Credit Card,Completed
890,38,3,5/21/2026 0:00,Credit Card,Completed
891,55,5,5/21/2026 0:00,Credit Card,Completed
892,72,2,5/22/2026 0:00,Credit Card,Completed
893,89,4,5/22/2026 0:00,Credit Card,Completed
894,6,1,5/22/2026 0:00,Credit Card,Completed
895,23,3,5/22/2026 0:00,Credit Card,Completed
896,40,5,5/23/2026 0:00,Credit Card,Completed
897,57,2,5/23/2026 0:00,Credit Card,Completed
898,74,4,5/23/2026 0:00,Credit Card,Completed
899,91,1,5/24/2026 0:00,Credit Card,Completed
900,8,3,5/24/2026 0:00,Credit Card,Completed
901,25,5,5/24/2026 0:00,Credit Card,Completed
902,42,2,5/25/2026 0:00,Credit Card,Completed
903,59,4,5/25/2026 0:00,Credit Card,Completed
904,76,1,5/25/2026 0:00,Credit Card,Completed
905,93,3,5/26/2026 0:00,Credit Card,Completed
906,10,5,5/26/2026 0:00,Credit Card,Completed
907,27,2,5/26/2026 0:00,Credit Card,Completed
908,44,4,5/26/2026 0:00,Credit Card,Completed
909,61,1,5/27/2026 0:00,Credit Card,Completed
910,78,3,5/27/2026 0:00,Credit Card,Completed
911,95,5,5/27/2026 0:00,Credit Card,Completed
912,12,2,5/28/2026 0:00,Credit Card,Completed
913,29,4,5/28/2026 0:00,Credit Card,Completed
914,46,1,5/28/2026 0:00,Credit Card,Completed
915,63,3,5/29/2026 0:00,Credit Card,Completed
916,80,5,5/29/2026 0:00,Credit Card,Completed
917,97,2,5/29/2026 0:00,Credit Card,Completed
918,14,4,5/29/2026 0:00,Credit Card,Completed
919,31,1,5/30/2026 0:00,Credit Card,Completed
920,48,3,5/30/2026 0:00,Credit Card,Completed
921,65,5,5/30/2026 0:00,Credit Card,Completed
922,82,2,5/31/2026 0:00,Credit Card,Completed
923,99,4,5/31/2026 0:00,Credit Card,Completed
924,16,1,5/31/2026 0:00,Credit Card,Completed
925,33,3,6/1/2026 0:00,Credit Card,Completed
926,50,5,6/1/2026 0:00,Credit Card,Completed
927,67,2,6/1/2026 0:00,Credit Card,Completed
928,84,4,6/1/2026 0:00,Credit Card,Completed
929,1,1,6/2/2026 0:00,Credit Card,Completed
930,18,3,6/2/2026 0:00,Credit Card,Completed
931,35,5,6/2/2026 0:00,Credit Card,Completed
932,52,2,6/3/2026 0:00,Credit Card,Completed
933,69,4,6/3/2026 0:00,Credit Card,Completed
934,86,1,6/3/2026 0:00,Credit Card,Completed
935,3,3,6/4/2026 0:00,Credit Card,Completed
936,20,5,6/4/2026 0:00,Credit Card,Completed
937,37,2,6/4/2026 0:00,Credit Card,Completed
938,54,4,6/5/2026 0:00,Credit Card,Completed
939,71,1,6/5/2026 0:00,Credit Card,Completed
940,88,3,6/5/2026 0:00,Credit Card,Completed
941,5,5,6/5/2026 0:00,Credit Card,Completed
942,22,2,6/6/2026 0:00,Credit Card,Completed
943,39,4,6/6/2026 0:00,Credit Card,Completed
944,56,1,6/6/2026 0:00,Credit Card,Completed
945,73,3,6/7/2026 0:00,Credit Card,Completed
946,90,5,6/7/2026 0:00,Credit Card,Completed
947,7,2,6/7/2026 0:00,Credit Card,Completed
948,24,4,6/8/2026 0:00,Credit Card,Completed
949,41,1,6/8/2026 0:00,Credit Card,Completed
950,58,3,6/8/2026 0:00,Credit Card,Completed
951,75,5,6/8/2026 0:00,Credit Card,Completed
952,92,2,6/9/2026 0:00,Credit Card,Completed
953,9,4,6/9/2026 0:00,Credit Card,Completed
954,26,1,6/9/2026 0:00,Credit Card,Completed
955,43,3,6/10/2026 0:00,Credit Card,Completed
956,60,5,6/10/2026 0:00,Credit Card,Completed
957,77,2,6/10/2026 0:00,Credit Card,Completed
958,94,4,6/11/2026 0:00,Credit Card,Completed
959,11,1,6/11/2026 0:00,Credit Card,Completed
960,28,3,6/11/2026 0:00,Credit Card,Completed
961,45,5,6/12/2026 0:00,Credit Card,Completed
962,62,2,6/12/2026 0:00,Credit Card,Completed
963,79,4,6/12/2026 0:00,Credit Card,Completed
964,96,1,6/12/2026 0:00,Credit Card,Completed
965,13,3,6/13/2026 0:00,Credit Card,Completed
966,30,5,6/13/2026 0:00,Credit Card,Completed
967,47,2,6/13/2026 0:00,Credit Card,Completed
968,64,4,6/14/2026 0:00,Credit Card,Completed
969,81,1,6/14/2026 0:00,Debit Card,Completed
970,98,3,6/14/2026 0:00,Debit Card,Completed
971,15,5,6/15/2026 0:00,Debit Card,Completed
972,32,2,6/15/2026 0:00,Debit Card,Completed
973,49,4,6/15/2026 0:00,Debit Card,Completed
974,66,1,6/15/2026 0:00,Debit Card,Completed
975,83,3,6/16/2026 0:00,Debit Card,Completed
976,100,5,6/16/2026 0:00,Debit Card,Completed
977,17,2,6/16/2026 0:00,Debit Card,Completed
978,34,4,6/17/2026 0:00,Debit Card,Completed
979,51,1,6/17/2026 0:00,Debit Card,Completed
980,68,3,6/17/2026 0:00,Debit Card,Completed
981,85,5,6/18/2026 0:00,Debit Card,Completed
982,2,2,6/18/2026 0:00,Debit Card,Completed
983,19,4,6/18/2026 0:00,Debit Card,Completed
984,36,1,6/18/2026 0:00,Debit Card,Completed
985,53,3,6/19/2026 0:00,Debit Card,Completed
986,70,5,6/19/2026 0:00,Debit Card,Completed
987,87,2,6/19/2026 0:00,Debit Card,Completed
988,4,4,6/20/2026 0:00,Debit Card,Completed
989,21,1,6/20/2026 0:00,Debit Card,Completed
990,38,3,6/20/2026 0:00,Debit Card,Completed
991,55,5,6/21/2026 0:00,Debit Card,Completed
992,72,2,6/21/2026 0:00,Debit Card,Completed
993,89,4,6/21/2026 0:00,Debit Card,Completed
994,6,1,6/22/2026 0:00,Debit Card,Completed
995,23,3,6/22/2026 0:00,Debit Card,Completed
996,40,5,6/22/2026 0:00,Debit Card,Completed
997,57,2,6/22/2026 0:00,Debit Card,Completed
998,74,4,6/23/2026 0:00,Debit Card,Completed
999,91,1,6/23/2026 0:00,Debit Card,Completed
1000,8,3,6/23/2026 0:00,Debit Card,Completed
1001,25,5,6/24/2026 0:00,Debit Card,Completed
1002,42,2,6/24/2026 0:00,Debit Card,Completed
1003,59,4,6/24/2026 0:00,Debit Card,Completed
1004,76,1,6/25/2026 0:00,Debit Card,Completed
1005,93,3,6/25/2026 0:00,Debit Card,Completed
1006,10,5,6/25/2026 0:00,Debit Card,Completed
1007,27,2,6/25/2026 0:00,Debit Card,Completed
1008,44,4,6/26/2026 0:00,Debit Card,Completed
1009,61,1,6/26/2026 0:00,Debit Card,Completed
1010,78,3,6/26/2026 0:00,Debit Card,Completed
1011,95,5,6/27/2026 0:00,Debit Card,Completed
1012,12,2,6/27/2026 0:00,Debit Card,Completed
1013,29,4,6/27/2026 0:00,Debit Card,Completed
1014,46,1,6/28/2026 0:00,Debit Card,Completed
1015,63,3,6/28/2026 0:00,Debit Card,Completed
1016,80,5,6/28/2026 0:00,Debit Card,Completed
1017,97,2,6/29/2026 0:00,Debit Card,Completed
1018,14,4,6/29/2026 0:00,Debit Card,Completed
1019,31,1,6/29/2026 0:00,Debit Card,Completed
1020,48,3,6/29/2026 0:00,Debit Card,Completed
1021,65,5,6/30/2026 0:00,Debit Card,Completed
1022,82,2,6/30/2026 0:00,Debit Card,Completed
1023,99,4,6/30/2026 0:00,Debit Card,Completed
1024,16,1,7/1/2026 0:00,Debit Card,Completed
1025,33,3,7/1/2026 0:00,Debit Card,Completed
1026,50,5,7/1/2026 0:00,Debit Card,Completed
1027,67,2,7/2/2026 0:00,Debit Card,Completed
1028,84,4,7/2/2026 0:00,Debit Card,Completed
1029,1,1,7/2/2026 0:00,Debit Card,Completed
1030,94,4,11/9/2026 0:00,Cash,Completed
1031,11,1,11/10/2026 0:00,Cash,Completed
1032,28,3,11/10/2026 0:00,Cash,Completed
1033,45,5,11/10/2026 0:00,Cash,Completed
1034,62,2,11/11/2026 0:00,Cash,Completed
1035,79,4,11/11/2026 0:00,Cash,Completed
1036,96,1,11/11/2026 0:00,Cash,Completed
1037,13,3,11/12/2026 0:00,Cash,Completed
1038,30,5,11/12/2026 0:00,Cash,Completed
1039,47,2,11/12/2026 0:00,Cash,Completed
1040,64,4,11/12/2026 0:00,Cash,Completed
1041,81,1,11/13/2026 0:00,Cash,Completed
1042,98,3,11/13/2026 0:00,Cash,Completed
1043,15,5,11/13/2026 0:00,Cash,Completed
1044,32,2,11/14/2026 0:00,Cash,Completed
1045,49,4,11/14/2026 0:00,Cash,Completed
1046,66,1,11/14/2026 0:00,Cash,Completed
1047,83,3,11/15/2026 0:00,Cash,Completed
1048,100,5,11/15/2026 0:00,Cash,Completed
1049,17,2,11/15/2026 0:00,Cash,Completed
1050,34,4,11/15/2026 0:00,Cash,Completed
1051,51,1,11/16/2026 0:00,Cash,Completed
1052,68,3,11/16/2026 0:00,Cash,Completed
1053,85,5,11/16/2026 0:00,Cash,Completed
1054,2,2,11/17/2026 0:00,Cash,Completed
1055,19,4,11/17/2026 0:00,Cash,Completed
1056,36,1,11/17/2026 0:00,Cash,Completed
1057,53,3,11/18/2026 0:00,Cash,Completed
1058,70,5,11/18/2026 0:00,Cash,Completed
1059,87,2,11/18/2026 0:00,Cash,Completed
1060,4,4,11/18/2026 0:00,Cash,Completed
1061,21,1,11/19/2026 0:00,Cash,Completed
1062,38,3,11/19/2026 0:00,Cash,Completed
1063,55,5,11/19/2026 0:00,Cash,Completed
1064,72,2,11/20/2026 0:00,Cash,Completed
1065,89,4,11/20/2026 0:00,Cash,Completed
1066,6,1,11/20/2026 0:00,Cash,Completed
1067,23,3,11/21/2026 0:00,Cash,Completed
1068,40,5,11/21/2026 0:00,Cash,Completed
1069,57,2,11/21/2026 0:00,Cash,Completed
1070,74,4,11/22/2026 0:00,Cash,Completed
1071,91,1,11/22/2026 0:00,Cash,Completed
1072,8,3,11/22/2026 0:00,Cash,Completed
1073,25,5,11/22/2026 0:00,Cash,Completed
1074,42,2,11/23/2026 0:00,Cash,Completed
1075,59,4,11/23/2026 0:00,Cash,Completed
1076,76,1,11/23/2026 0:00,Cash,Completed
1077,93,3,11/24/2026 0:00,Cash,Completed
1078,10,5,11/24/2026 0:00,Cash,Completed
1079,27,2,11/24/2026 0:00,Cash,Completed
1080,44,4,11/25/2026 0:00,Cash,Completed
1081,61,1,11/25/2026 0:00,Bank Transfer,Cancelled
1082,78,3,11/25/2026 0:00,Bank Transfer,Cancelled
1083,95,5,11/25/2026 0:00,Bank Transfer,Cancelled
1084,12,2,11/26/2026 0:00,Bank Transfer,Cancelled
1085,29,4,11/26/2026 0:00,Bank Transfer,Cancelled
1086,46,1,11/26/2026 0:00,Bank Transfer,Cancelled
1087,63,3,11/27/2026 0:00,Bank Transfer,Cancelled
1088,80,5,11/27/2026 0:00,Bank Transfer,Cancelled
1089,97,2,11/27/2026 0:00,Bank Transfer,Cancelled
1090,14,4,11/28/2026 0:00,Bank Transfer,Cancelled
1091,31,1,11/28/2026 0:00,Bank Transfer,Cancelled
1092,48,3,11/28/2026 0:00,Bank Transfer,Cancelled
1093,65,5,11/29/2026 0:00,Bank Transfer,Cancelled
1094,82,2,11/29/2026 0:00,Bank Transfer,Cancelled
1095,99,4,11/29/2026 0:00,Bank Transfer,Cancelled
1096,16,1,11/29/2026 0:00,Bank Transfer,Cancelled
1097,33,3,11/30/2026 0:00,Bank Transfer,Cancelled
1098,50,5,11/30/2026 0:00,Bank Transfer,Cancelled
1099,67,2,11/30/2026 0:00,Bank Transfer,Cancelled
1100,84,4,12/1/2026 0:00,Bank Transfer,Cancelled
1101,1,1,12/1/2026 0:00,Bank Transfer,Cancelled
1102,18,3,12/1/2026 0:00,Bank Transfer,Cancelled
1103,35,5,12/2/2026 0:00,Bank Transfer,Cancelled
1104,52,2,12/2/2026 0:00,Bank Transfer,Cancelled
1105,69,4,12/2/2026 0:00,Bank Transfer,Cancelled
1106,86,1,12/2/2026 0:00,Bank Transfer,Cancelled
1107,3,3,12/3/2026 0:00,Bank Transfer,Cancelled
1108,20,5,12/3/2026 0:00,Bank Transfer,Cancelled
1109,37,2,12/3/2026 0:00,Bank Transfer,Cancelled
1110,54,4,12/4/2026 0:00,Bank Transfer,Cancelled
1111,71,1,12/4/2026 0:00,Bank Transfer,Cancelled
1112,88,3,12/4/2026 0:00,Bank Transfer,Cancelled
1113,5,5,12/5/2026 0:00,Bank Transfer,Cancelled
1114,22,2,12/5/2026 0:00,Bank Transfer,Cancelled
1115,39,4,12/5/2026 0:00,Bank Transfer,Cancelled
1116,56,1,12/5/2026 0:00,Bank Transfer,Cancelled
1117,73,3,12/6/2026 0:00,Bank Transfer,Cancelled
1118,90,5,12/6/2026 0:00,Bank Transfer,Cancelled
1119,7,2,12/6/2026 0:00,Bank Transfer,Cancelled
1120,24,4,12/7/2026 0:00,Bank Transfer,Cancelled
1121,41,1,12/7/2026 0:00,Bank Transfer,Cancelled
1122,58,3,12/7/2026 0:00,Bank Transfer,Cancelled
1123,75,5,12/8/2026 0:00,Bank Transfer,Cancelled
1124,92,2,12/8/2026 0:00,Bank Transfer,Cancelled
1125,9,4,12/8/2026 0:00,Bank Transfer,Cancelled
1126,26,1,12/9/2026 0:00,Bank Transfer,Cancelled
1127,43,3,12/9/2026 0:00,Bank Transfer,Cancelled
1128,60,5,12/9/2026 0:00,Bank Transfer,Cancelled
1129,77,2,12/9/2026 0:00,Bank Transfer,Cancelled
1130,94,4,12/10/2026 0:00,Bank Transfer,Cancelled
1131,11,1,12/10/2026 0:00,Bank Transfer,Cancelled
1132,28,3,12/10/2026 0:00,Bank Transfer,Cancelled
1133,45,5,12/11/2026 0:00,Bank Transfer,Cancelled
1134,62,2,12/11/2026 0:00,Bank Transfer,Cancelled
1135,79,4,12/11/2026 0:00,Bank Transfer,Cancelled
1136,96,1,12/12/2026 0:00,Bank Transfer,Cancelled
1137,13,3,12/12/2026 0:00,Bank Transfer,Cancelled
1138,30,5,12/12/2026 0:00,Bank Transfer,Cancelled
1139,47,2,12/12/2026 0:00,Bank Transfer,Cancelled
1140,64,4,12/13/2026 0:00,Bank Transfer,Cancelled
1141,81,1,12/13/2026 0:00,Bank Transfer,Cancelled
1142,98,3,12/13/2026 0:00,Bank Transfer,Cancelled
1143,15,5,12/14/2026 0:00,Bank Transfer,Cancelled
1144,32,2,12/14/2026 0:00,Bank Transfer,Cancelled
1145,49,4,12/14/2026 0:00,Bank Transfer,Cancelled
1146,66,1,12/15/2026 0:00,Bank Transfer,Cancelled
1147,83,3,12/15/2026 0:00,Bank Transfer,Cancelled
1148,100,5,12/15/2026 0:00,Bank Transfer,Cancelled
1149,17,2,12/16/2026 0:00,Bank Transfer,Cancelled
1150,34,4,12/16/2026 0:00,Bank Transfer,Cancelled
1151,51,1,12/16/2026 0:00,Bank Transfer,Cancelled
1152,68,3,12/16/2026 0:00,Bank Transfer,Cancelled
1153,85,5,12/17/2026 0:00,Bank Transfer,Cancelled
1154,2,2,12/17/2026 0:00,Bank Transfer,Cancelled
1155,19,4,12/17/2026 0:00,Bank Transfer,Cancelled
1156,36,1,12/18/2026 0:00,Bank Transfer,Cancelled
1157,53,3,12/18/2026 0:00,Bank Transfer,Cancelled
1158,70,5,12/18/2026 0:00,Bank Transfer,Cancelled
1159,87,2,12/19/2026 0:00,Bank Transfer,Cancelled
1160,4,4,12/19/2026 0:00,Bank Transfer,Cancelled
1161,21,1,12/19/2026 0:00,Bank Transfer,Cancelled
1162,38,3,12/19/2026 0:00,Bank Transfer,Cancelled
1163,55,5,12/20/2026 0:00,Bank Transfer,Cancelled
1164,72,2,12/20/2026 0:00,Bank Transfer,Cancelled
1165,89,4,12/20/2026 0:00,Bank Transfer,Cancelled
1166,6,1,12/21/2026 0:00,Bank Transfer,Cancelled
1167,23,3,12/21/2026 0:00,Bank Transfer,Cancelled
1168,40,5,12/21/2026 0:00,Bank Transfer,Cancelled
1169,57,2,12/22/2026 0:00,Bank Transfer,Cancelled
1170,74,4,12/22/2026 0:00,Bank Transfer,Cancelled
1171,91,1,12/22/2026 0:00,Bank Transfer,Cancelled
1172,8,3,12/22/2026 0:00,Bank Transfer,Cancelled
1173,25,5,12/23/2026 0:00,Bank Transfer,Cancelled
1174,42,2,12/23/2026 0:00,Bank Transfer,Cancelled
1175,59,4,12/23/2026 0:00,Bank Transfer,Cancelled
1176,76,1,12/24/2026 0:00,Bank Transfer,Cancelled
1177,93,3,12/24/2026 0:00,Bank Transfer,Cancelled
1178,10,5,12/24/2026 0:00,Bank Transfer,Cancelled
1179,27,2,12/25/2026 0:00,Bank Transfer,Cancelled
1180,44,4,12/25/2026 0:00,Bank Transfer,Cancelled
1181,61,1,12/25/2026 0:00,Bank Transfer,Cancelled
1182,78,3,12/26/2026 0:00,Bank Transfer,Cancelled
1183,95,5,12/26/2026 0:00,Bank Transfer,Cancelled
1184,12,2,12/26/2026 0:00,Bank Transfer,Cancelled
1185,29,4,12/26/2026 0:00,Bank Transfer,Cancelled
1186,46,1,12/27/2026 0:00,Bank Transfer,Cancelled
1187,63,3,12/27/2026 0:00,Bank Transfer,Cancelled
1188,80,5,12/27/2026 0:00,Bank Transfer,Cancelled
1189,97,2,12/28/2026 0:00,Bank Transfer,Cancelled
1190,14,4,12/28/2026 0:00,Bank Transfer,Cancelled
1191,31,1,12/28/2026 0:00,Bank Transfer,Cancelled
1192,48,3,12/29/2026 0:00,Bank Transfer,Cancelled
1193,65,5,12/29/2026 0:00,Bank Transfer,Cancelled
1194,82,2,12/29/2026 0:00,Bank Transfer,Cancelled
1195,99,4,12/29/2026 0:00,Bank Transfer,Cancelled
1196,16,1,12/30/2026 0:00,Bank Transfer,Cancelled
1197,33,3,12/30/2026 0:00,Bank Transfer,Cancelled
1198,50,5,12/30/2026 0:00,Bank Transfer,Cancelled
1199,67,2,12/31/2026 0:00,Bank Transfer,Cancelled
1200,84,4,12/31/2026 0:00,Bank Transfer,Cancelled
